


ARM Macro Assembler    Page 1 


    1 00000000         ;/******************************************************
                       ********************//**
    2 00000000         ; * @file     startup_LPC17xx.s
    3 00000000         ; * @brief    CMSIS Cortex-M3 Core Device Startup File f
                       or
    4 00000000         ; *           NXP LPC17xx Device Series
    5 00000000         ; * @version  V1.10
    6 00000000         ; * @date     06. April 2011
    7 00000000         ; *
    8 00000000         ; * @note
    9 00000000         ; * Copyright (C) 2009-2011 ARM Limited. All rights rese
                       rved.
   10 00000000         ; *
   11 00000000         ; * @par
   12 00000000         ; * ARM Limited (ARM) is supplying this software for use
                        with Cortex-M
   13 00000000         ; * processor based microcontrollers.  This file can be 
                       freely distributed
   14 00000000         ; * within development tools that are supporting such AR
                       M based processors.
   15 00000000         ; *
   16 00000000         ; * @par
   17 00000000         ; * THIS SOFTWARE IS PROVIDED "AS IS".  NO WARRANTIES, W
                       HETHER EXPRESS, IMPLIED
   18 00000000         ; * OR STATUTORY, INCLUDING, BUT NOT LIMITED TO, IMPLIED
                        WARRANTIES OF
   19 00000000         ; * MERCHANTABILITY AND FITNESS FOR A PARTICULAR PURPOSE
                        APPLY TO THIS SOFTWARE.
   20 00000000         ; * ARM SHALL NOT, IN ANY CIRCUMSTANCES, BE LIABLE FOR S
                       PECIAL, INCIDENTAL, OR
   21 00000000         ; * CONSEQUENTIAL DAMAGES, FOR ANY REASON WHATSOEVER.
   22 00000000         ; *
   23 00000000         ; ******************************************************
                       ************************/
   24 00000000         
   25 00000000         ; *------- <<< Use Configuration Wizard in Context Menu 
                       >>> ------------------
   26 00000000         
   27 00000000         ; <h> Stack Configuration
   28 00000000         ;   <o> Stack Size (in Bytes) <0x0-0xFFFFFFFF:8>
   29 00000000         ; </h>
   30 00000000         
   31 00000000 00000200 
                       Stack_Size
                               EQU              0x00000200
   32 00000000         
   33 00000000                 AREA             STACK, NOINIT, READWRITE, ALIGN
=3
   34 00000000         Stack_Mem
                               SPACE            Stack_Size
   35 00000200         __initial_sp
   36 00000200         
   37 00000200         
   38 00000200         ; <h> Heap Configuration
   39 00000200         ;   <o>  Heap Size (in Bytes) <0x0-0xFFFFFFFF:8>
   40 00000200         ; </h>
   41 00000200         
   42 00000200 00000200 
                       Heap_Size



ARM Macro Assembler    Page 2 


                               EQU              0x00000200
   43 00000200         
   44 00000200                 AREA             HEAP, NOINIT, READWRITE, ALIGN=
3 
                                                            ; 2*3
   45 00000000         __heap_base
   46 00000000         Heap_Mem
                               SPACE            Heap_Size
   47 00000200         __heap_limit
   48 00000200         
   49 00000200         
   50 00000200                 PRESERVE8
   51 00000200                 THUMB
   52 00000200         
   53 00000200         
   54 00000200         ; Vector Table Mapped to Address 0 at Reset
   55 00000200         
   56 00000200                 AREA             RESET, DATA, READONLY
   57 00000000                 EXPORT           __Vectors
   58 00000000         
   59 00000000 00000000 
                       __Vectors
                               DCD              __initial_sp ; Top of Stack
   60 00000004 00000000        DCD              Reset_Handler ; Reset Handler
   61 00000008 00000000        DCD              NMI_Handler ; NMI Handler
   62 0000000C 00000000        DCD              HardFault_Handler ; Hard Fault 
                                                            Handler
   63 00000010 00000000        DCD              MemManage_Handler 
                                                            ; MPU Fault Handler
                                                            
   64 00000014 00000000        DCD              BusFault_Handler 
                                                            ; Bus Fault Handler
                                                            
   65 00000018 00000000        DCD              UsageFault_Handler ; Usage Faul
                                                            t Handler
   66 0000001C 00000000        DCD              0           ; Reserved
   67 00000020 00000000        DCD              0           ; Reserved
   68 00000024 00000000        DCD              0           ; Reserved
   69 00000028 00000000        DCD              0           ; Reserved
   70 0000002C 00000000        DCD              SVC_Handler ; SVCall Handler
   71 00000030 00000000        DCD              DebugMon_Handler ; Debug Monito
                                                            r Handler
   72 00000034 00000000        DCD              0           ; Reserved
   73 00000038 00000000        DCD              PendSV_Handler ; PendSV Handler
                                                            
   74 0000003C 00000000        DCD              SysTick_Handler 
                                                            ; SysTick Handler
   75 00000040         
   76 00000040         ; External Interrupts
   77 00000040 00000000        DCD              WDT_IRQHandler ; 16: Watchdog T
                                                            imer
   78 00000044 00000000        DCD              TIMER0_IRQHandler ; 17: Timer0
   79 00000048 00000000        DCD              TIMER1_IRQHandler ; 18: Timer1
   80 0000004C 00000000        DCD              TIMER2_IRQHandler ; 19: Timer2
   81 00000050 00000000        DCD              TIMER3_IRQHandler ; 20: Timer3
   82 00000054 00000000        DCD              UART0_IRQHandler ; 21: UART0
   83 00000058 00000000        DCD              UART1_IRQHandler ; 22: UART1
   84 0000005C 00000000        DCD              UART2_IRQHandler ; 23: UART2
   85 00000060 00000000        DCD              UART3_IRQHandler ; 24: UART3



ARM Macro Assembler    Page 3 


   86 00000064 00000000        DCD              PWM1_IRQHandler ; 25: PWM1
   87 00000068 00000000        DCD              I2C0_IRQHandler ; 26: I2C0
   88 0000006C 00000000        DCD              I2C1_IRQHandler ; 27: I2C1
   89 00000070 00000000        DCD              I2C2_IRQHandler ; 28: I2C2
   90 00000074 00000000        DCD              SPI_IRQHandler ; 29: SPI
   91 00000078 00000000        DCD              SSP0_IRQHandler ; 30: SSP0
   92 0000007C 00000000        DCD              SSP1_IRQHandler ; 31: SSP1
   93 00000080 00000000        DCD              PLL0_IRQHandler ; 32: PLL0 Lock
                                                             (Main PLL)
   94 00000084 00000000        DCD              RTC_IRQHandler ; 33: Real Time 
                                                            Clock
   95 00000088 00000000        DCD              EINT0_IRQHandler ; 34: External
                                                             Interrupt 0
   96 0000008C 00000000        DCD              EINT1_IRQHandler ; 35: External
                                                             Interrupt 1
   97 00000090 00000000        DCD              EINT2_IRQHandler ; 36: External
                                                             Interrupt 2
   98 00000094 00000000        DCD              EINT3_IRQHandler ; 37: External
                                                             Interrupt 3
   99 00000098 00000000        DCD              ADC_IRQHandler 
                                                            ; 38: A/D Converter
                                                            
  100 0000009C 00000000        DCD              BOD_IRQHandler ; 39: Brown-Out 
                                                            Detect
  101 000000A0 00000000        DCD              USB_IRQHandler ; 40: USB
  102 000000A4 00000000        DCD              CAN_IRQHandler ; 41: CAN
  103 000000A8 00000000        DCD              DMA_IRQHandler ; 42: General Pu
                                                            rpose DMA
  104 000000AC 00000000        DCD              I2S_IRQHandler ; 43: I2S
  105 000000B0 00000000        DCD              ENET_IRQHandler ; 44: Ethernet
  106 000000B4 00000000        DCD              RIT_IRQHandler ; 45: Repetitive
                                                             Interrupt Timer
  107 000000B8 00000000        DCD              MCPWM_IRQHandler ; 46: Motor Co
                                                            ntrol PWM
  108 000000BC 00000000        DCD              QEI_IRQHandler ; 47: Quadrature
                                                             Encoder Interface
  109 000000C0 00000000        DCD              PLL1_IRQHandler ; 48: PLL1 Lock
                                                             (USB PLL)
  110 000000C4 00000000        DCD              USBActivity_IRQHandler ; 49: US
                                                            B Activity interrup
                                                            t to wakeup
  111 000000C8 00000000        DCD              CANActivity_IRQHandler ; 50: CA
                                                            N Activity interrup
                                                            t to wakeup
  112 000000CC         
  113 000000CC         
  114 000000CC                 IF               :LNOT::DEF:NO_CRP
  115 000000CC                 AREA             |.ARM.__at_0x02FC|, CODE, READO
NLY
  116 00000000 FFFFFFFF 
                       CRP_Key DCD              0xFFFFFFFF
  117 00000004                 ENDIF
  118 00000004         
  119 00000004         
  120 00000004                 AREA             my_arrays, NOINIT, READWRITE
  121 00000000         POOR    SPACE            7*4
  122 0000001C         GOOD    SPACE            7*4
  123 00000038         MINT    SPACE            7*4
  124 00000054         



ARM Macro Assembler    Page 4 


  125 00000054         mapped_id_diff
                               SPACE            7*4 * 2     ; mappa ID, differe
                                                            nza
  126 0000008C         MAX_LOSS_ID
                               SPACE            4           ; res ID max perdit
                                                            a, valore piu negat
                                                            iv
  127 00000090         MAX_LOSS_COND
                               SPACE            4           ; res condizione as
                                                            sociata
  128 00000094         
  129 00000094        2 
                       var     RN               2
  130 00000094         
  131 00000094                 AREA             |.text|, CODE, READONLY
  132 00000000         ; Reset Handler
  133 00000000         
  134 00000000         Reset_Handler
                               PROC
  135 00000000                 EXPORT           Reset_Handler             [WEAK
]
  136 00000000         
  137 00000000         ;your code here
  138 00000000         
  139 00000000         ;MINT
  140 00000000         ; -14 -- perdita massima dnuque MINT, -14
  141 00000000         ; -2
  142 00000000         ; 7
  143 00000000         ; 70
  144 00000000         ;POOR
  145 00000000         ; -1
  146 00000000         ; 1300
  147 00000000         ;GOOD
  148 00000000         ; 18
  149 00000000         
  150 00000000         
  151 00000000         
  152 00000000         
  153 00000000         
  154 00000000         
  155 00000000         ; mappo id -> diff e cerco max perdita
  156 00000000 4832            LDR              R0, =tot_cards
  157 00000002 F8D0 A000       LDR              R10, [R0]
  158 00000006 4932            LDR              R1, =purchase_price ; R1 = indi
                                                            ce purchase_price
  159 00000008 4A32            LDR              R2, =mapped_id_diff ; R2 = indi
                                                            ce mappa (ID, Diff)
                                                            
  160 0000000A F04F 0B00       MOV              R11, #0     ; valore massima pe
                                                            rdita
  161 0000000E F04F 0C00       MOV              R12, #0     ; R12 = id carta ma
                                                            ssima perdita
  162 00000012         
  163 00000012         map_loss_loop
  164 00000012 F1BA 0F00       CMP              R10, #0
  165 00000016 DD21            BLE              map_loss_done
  166 00000018         
  167 00000018 F851 3B04       LDR              R3, [R1], #4 ; id purchase
  168 0000001C F851 4B04       LDR              R4, [R1], #4 ; prezzo purchase



ARM Macro Assembler    Page 5 


  169 00000020 4D2D            LDR              R5, =current_price
  170 00000022 F04F 0707       MOV              R7, #7
  171 00000026         
  172 00000026 2F00    current_find
                               CMP              R7, #0
  173 00000028 DD0A            BLE              diff_error  ; se non trovato, d
                                                            iff=0
  174 0000002A         
  175 0000002A F855 6B04       LDR              R6, [R5], #4 ; R6 = ID corrente
                                                            
  176 0000002E F855 0B04       LDR              R0, [R5], #4 ; R0 = Current Pri
                                                            ce
  177 00000032         
  178 00000032 429E            CMP              R6, R3      ; Confronta ID corr
                                                            ente con ID acquist
                                                            ato
  179 00000034 D102            BNE              current_find_next
  180 00000036         
  181 00000036 EBB0 0904       SUBS             R9, R0, R4  ; R9 = Differenza (
                                                            Current Price - Pur
                                                            chase Price)
  182 0000003A E004            B                diff_calculated
  183 0000003C         
  184 0000003C         current_find_next
  185 0000003C 1E7F            SUBS             R7, R7, #1
  186 0000003E E7F2            B                current_find
  187 00000040         
  188 00000040 F04F 0900 
                       diff_error
                               MOV              R9, #0      ; differenza = 0 se
                                                             ID non trovato
  189 00000044 E7FF            B                diff_calculated
  190 00000046         
  191 00000046 F842 3B04 
                       diff_calculated
                               STR              R3, [R2], #4 ; salvo map ID
  192 0000004A F842 9B04       STR              R9, [R2], #4 ; salvo map differ
                                                            enza
  193 0000004E         
  194 0000004E         ; nuova massima perdita aggiornata
  195 0000004E 45D9            CMP              R9, R11
  196 00000050 DA01            BGE              loss_check_continue
  197 00000052         
  198 00000052 46CB            MOV              R11, R9
  199 00000054 469C            MOV              R12, R3     ; max perdita id (e
                                                            ra R3)
  200 00000056         
  201 00000056 F1BA 0A01 
                       loss_check_continue
                               SUBS             R10, R10, #1
  202 0000005A E7DA            B                map_loss_loop
  203 0000005C         
  204 0000005C 481B    map_loss_done
                               LDR              R0, =tot_cards
  205 0000005E F8D0 A000       LDR              R10, [R0]   ; count = 7
  206 00000062 491E            LDR              R1, =condition ;indice conditio
                                                            n (ID, Cond)
  207 00000064 4C1F            LDR              R4, =POOR   ;indice POOR
  208 00000066 4D20            LDR              R5, =GOOD   ;indice GOOD



ARM Macro Assembler    Page 6 


  209 00000068 4E20            LDR              R6, =MINT   ;indice MINT
  210 0000006A         
  211 0000006A F1BA 0F00 
                       smistamento_loop
                               CMP              R10, #0
  212 0000006E DD15            BLE              smistamento_done
  213 00000070         
  214 00000070 F851 0B04       LDR              R0, [R1], #4 ; R0 = ID da salva
                                                            re
  215 00000074 F851 7B04       LDR              R7, [R1], #4 ; R7 = Condizione
  216 00000078         
  217 00000078 2F01            CMP              R7, #1
  218 0000007A D001            BEQ              str_GOOD
  219 0000007C DC04            BGT              str_MINT
  220 0000007E DB07            BLT              str_POOR
  221 00000080         
  222 00000080 6028    str_GOOD
                               STR              R0, [R5]
  223 00000082 F105 0504       ADD              R5, R5, #4
  224 00000086 E006            B                end_store
  225 00000088         
  226 00000088 6030    str_MINT
                               STR              R0, [R6]
  227 0000008A F106 0604       ADD              R6, R6, #4
  228 0000008E E002            B                end_store
  229 00000090         
  230 00000090 6020    str_POOR
                               STR              R0, [R4]
  231 00000092 F104 0404       ADD              R4, R4, #4
  232 00000096         
  233 00000096 F1BA 0A01 
                       end_store
                               SUBS             R10, R10, #1
  234 0000009A E7E6            B                smistamento_loop
  235 0000009C         
  236 0000009C 490F    smistamento_done
                               LDR              R1, =condition
  237 0000009E 480B            LDR              R0, =tot_cards
  238 000000A0 F8D0 A000       LDR              R10, [R0]
  239 000000A4         
  240 000000A4 F1BA 0F00 
                       find_cond_loop
                               CMP              R10, #0
  241 000000A8 DD08            BLE              exercise_done
  242 000000AA         
  243 000000AA F851 6B04       LDR              R6, [R1], #4
  244 000000AE F851 BB04       LDR              R11, [R1], #4
  245 000000B2 4566            CMP              R6, R12
  246 000000B4 D002            BEQ              exercise_done
  247 000000B6         
  248 000000B6 F1BA 0A01       SUBS             R10, R10, #1
  249 000000BA E7F3            B                find_cond_loop
  250 000000BC         
  251 000000BC 480E    exercise_done
                               LDR              R0, =MAX_LOSS_ID
  252 000000BE F8C0 C000       STR              R12, [R0]
  253 000000C2 480E            LDR              R0, =MAX_LOSS_COND
  254 000000C4 F8C0 B000       STR              R11, [R0]
  255 000000C8         



ARM Macro Assembler    Page 7 


  256 000000C8         
  257 000000C8         
  258 000000C8         
  259 000000C8 4805            LDR              R0, =stop
  260 000000CA         
  261 000000CA 4700    stop    BX               R0
  262 000000CC                 ENDP
  263 000000CC         
  264 000000CC         
  265 000000CC 00000000 
              00000000 
              00000000 
              00000000 
              00000000 
              00000000 
              00000000 
              00000000 
              00000000 
              00000000 
              00000000 
              00000000 
              00000000 
              00000000         AREA             |.text|, DATA, READONLY, ALIGN 
= 2
  266 00000104         
  267 00000104 00 00 00 
              00 00 00 
              00 00 00 
              00 00 00 
              00 00 00 
              00 00 00 
              00 00 00 
              00 00 00 
              00 00 00 
              00 00 00 
              00 00 00 
              00 00 00 
              00 00 00 
              00 00 00 
              00 00 00 
              00 00 00 
              00 00 00 
              00 00 00 
              00 00 00 
              00 00 00 
              00 00 00 
              00 00 00 
              00 00 00 
              00 00 00 
              00 00 00 
              00 00 00 
              00 00 00 
              00 00 00 
              00 00 00 
              00 00 00 
              00 00 00 
              00 00 00 
              00 00 00 
              00 00 00 



ARM Macro Assembler    Page 8 


              00 00 00 
              00 00 00 
              00 00 00 
              00 00 00 
              00 00 00 
              00 00 00 
              00 00 00 
              00 00 00 
              00 00 00 
              00 00 00 
              00 00 00 
              00 00 00 
              00 00 00 
              00 00 00 
              00 00 00 
              00 00 00 
              00 00 00 
              00 00 00 
              00 00 00 
              00 00 00 
              00 00 00 
              00 00 00 
              00 00 00 
              00 00 00 
              00 00 00 
              00 00 00 
              00 00 00 
              00 00 00 
              00 00 00 
              00 00 00 
              00 00 00 
              00 00 00 
              00 00 00 
              00 00 00 
              00 00 00 
              00 00 00 
              00 00 00 
              00 00 00 
              00 00 00 
              00 00 00 
              00 00 00 
              00 00 00 
              00 00 00 
              00 00 00 
              00 00 00 
              00 00 00 
              00 00 00 
              00 00 00 
              00 00 00 
              00 00 00 
              00 00 00 
              00 00 00 
              00 00 00 
              00 00 00 
              00 00 00 
              00 00 00 
              00 00 00 
              00 00 00 
              00 00 00 



ARM Macro Assembler    Page 9 


              00 00 00 
              00 00 00 
              00 00 00 
              00 00 00 
              00 00 00 
              00 00 00 
              00 00 00 
              00 00 00 
              00 00 00 
              00 00 00 
              00 00 00 
              00 00 00 
              00 00 00 
              00 00 00 
              00 00 00 
              00 00 00 
              00 00 00 
              00 00 00 
              00 00 00 
              00 00 00 
              00 00 00 
              00 00 00 
              00 00 00 
              00 00 00 
              00 00 00 
              00 00 00 
              00 00 00 
              00 00 00 
              00 00 00 
              00 00 00 
              00 00 00 
              00 00 00 
              00 00 00 
              00 00 00 
              00 00 00 
              00 00 00 
              00 00 00 
              00 00 00 
              00 00 00 
              00 00 00 
              00 00 00 
              00 00 00 
              00 00 00 
              00 00 00 
              00 00 00 
              00 00 00 
              00 00 00 
              00 00 00 
              00 00 00 
              00 00 00 
              00 00 00 
              00 00 00 
              00 00 00 
              00 00 00 
              00 00 00 
              00 00 00 
              00 00 00 
              00 00 00 
              00 00 00 



ARM Macro Assembler    Page 10 


              00 00 00 
              00 00 00 
              00 00 00 
              00 00 00 
              00 00 00 
              00 00 00 
              00 00 00 
              00 00 00 
              00 00 00 
              00 00 00 
              00 00 00 
              00 00 00 
              00 00 00 
              00 00 00 
              00 00 00 
              00 00 00 
              00 00 00 
              00 00 00 
              00 00 00 
              00 00 00 
              00 00 00 
              00 00 00 
              00 00 00 
              00 00 00 
              00 00 00 
              00 00 00 
              00 00 00 
              00 00 00 
              00 00 00 
              00 00 00 
              00 00 00 
              00 00 00 
              00 00 00 
              00 00 00 
              00 00 00 
              00 00 00 
              00 00 00 
              00 00 00 
              00 00 00 
              00 00 00 
              00 00 00 
              00 00 00 
              00 00 00 
              00 00 00 
              00 00 00 
              00 00 00 
              00 00 00 
              00 00 00 
              00 00 00 
              00 00 00 
              00 00 00 
              00 00 00 
              00 00 00 
              00 00 00 
              00 00 00 
              00 00 00 
              00 00 00 
              00 00 00 
              00 00 00 



ARM Macro Assembler    Page 11 


              00 00 00 
              00 00 00 
              00 00 00 
              00 00 00 
              00 00 00 
              00 00 00 
              00 00 00 
              00 00 00 
              00 00 00 
              00 00 00 
              00 00 00 
              00 00 00 
              00 00 00 
              00 00 00 
              00 00 00 
              00 00 00 
              00 00 00 
              00 00 00 
              00 00 00 
              00 00 00 
              00 00 00 
              00 00 00 
              00 00 00 
              00 00 00 
              00 00 00 
              00 00 00 
              00 00 00 
              00 00 00 
              00 00 00 
              00 00 00 
              00 00 00 
              00 00 00 
              00 00 00 
              00 00 00 
              00 00 00 
              00 00 00 
              00 00 00 
              00 00 00 
              00 00 00 
              00 00 00 
              00 00 00 
              00 00 00 
              00 00 00 
              00 00 00 
              00 00 00 
              00 00 00 
              00 00 00 
              00 00 00 
              00 00 00 
              00 00 00 
              00 00 00 
              00 00 00 
              00 00 00 
              00 00 00 
              00 00 00 
              00 00 00 
              00 00 00 
              00 00 00 
              00 00 00 



ARM Macro Assembler    Page 12 


              00 00 00 
              00 00 00 
              00 00 00 
              00 00 00 
              00 00 00 
              00 00 00 
              00 00 00 
              00 00 00 
              00 00 00 
              00 00 00 
              00 00 00 
              00 00 00 
              00 00 00 
              00 00 00 
              00 00 00 
              00 00 00 
              00 00 00 
              00 00 00 
              00 00 00 
              00 00 00 
              00 00 00 
              00 00 00 
              00 00 00 
              00 00 00 
              00 00 00 
              00 00 00 
              00 00 00 
              00 00 00 
              00 00 00 
              00 00 00 
              00 00 00 
              00 00 00 
              00 00 00 
              00 00 00 
              00 00 00 
              00 00 00 
              00 00 00 
              00 00 00 
              00 00 00 
              00 00 00 
              00 00 00 
              00 00 00 
              00 00 00 
              00 00 00 
              00 00 00 
              00 00 00 
              00 00 00 
              00 00 00 
              00 00 00 
              00 00 00 
              00 00 00 
              00 00 00 
              00 00 00 
              00 00 00 
              00 00 00 
              00 00 00 
              00 00 00 
              00 00 00 
              00 00 00 



ARM Macro Assembler    Page 13 


              00 00 00 
              00 00 00 
              00 00 00 
              00 00 00 
              00 00 00 
              00 00 00 
              00 00 00 
              00 00 00 
              00 00 00 
              00 00 00 
              00 00 00 
              00 00 00 
              00 00 00 
              00 00 00 
              00 00 00 
              00 00 00 
              00 00 00 
              00 00 00 
              00 00 00 
              00 00 00 
              00 00 00 
              00 00 00 
              00 00 00 
              00 00 00 
              00 00 00 
              00 00 00 
              00 00 00 
              00 00 00 
              00 00 00 
              00 00 00 
              00 00 00 
              00 00 00 
              00 00 00 
              00 00 00 
              00 00 00 
              00 00 00 
              00 00 00 
              00 00 00 
              00 00 00 
              00 00 00 
              00 00 00 
              00 00 00 
              00 00 00 
              00 00 00 
              00 00 00 
              00 00 00 
              00 00 00 
              00 00 00 
              00 00 00 
              00 00 00 
              00 00 00 
              00 00 00 
              00 00 00 
              00 00 00 
              00 00 00 
              00 00 00 
              00 00 00 
              00 00 00 
              00 00 00 



ARM Macro Assembler    Page 14 


              00 00 00 
              00 00 00 
              00 00 00 
              00 00 00 
              00 00 00 
              00 00 00 
              00 00 00 
              00 00 00 
              00 00 00 
              00 00 00 
              00 00 00 
              00 00 00 
              00 00 00 
              00 00 00 
              00 00 00 
              00 00 00 
              00 00 00 
              00 00 00 
              00 00 00 
              00 00 00 
              00 00 00 
              00 00 00 
              00 00 00 
              00 00 00 
              00 00 00 
              00 00 00 
              00 00 00 
              00 00 00 
              00 00 00 
              00 00 00 
              00 00 00 
              00 00 00 
              00 00 00 
              00 00 00 
              00 00 00 
              00 00 00 
              00 00 00 
              00 00 00 
              00 00 00 
              00 00 00 
              00 00 00 
              00 00 00 
              00 00 00 
              00 00 00 
              00 00 00 
              00 00 00 
              00 00 00 
              00 00 00 
              00 00 00 
              00 00 00 
              00 00 00 
              00 00 00 
              00 00 00 
              00 00 00 
              00 00 00 
              00 00 00 
              00 00 00 
              00 00 00 
              00 00 00 



ARM Macro Assembler    Page 15 


              00 00 00 
              00 00 00 
              00 00 00 
              00 00 00 
              00 00 00 
              00 00 00 
              00 00 00 
              00 00 00 
              00 00 00 
              00 00 00 
              00 00 00 
              00 00 00 
              00 00 00 
              00 00 00 
              00 00 00 
              00 00 00 
              00 00 00 
              00 00 00 
              00 00 00 
              00 00 00 
              00 00 00 
              00 00 00 
              00 00 00 
              00 00 00 
              00 00 00 
              00 00 00 
              00 00 00 
              00 00 00 
              00 00 00 
              00 00 00 
              00 00 00 
              00 00 00 
              00 00 00 
              00 00 00 
              00 00 00 
              00 00 00 
              00 00 00 
              00 00 00 
              00 00 00 
              00 00 00 
              00 00 00 
              00 00 00 
              00 00 00 
              00 00 00 
              00 00 00 
              00 00 00 
              00 00 00 
              00 00 00 
              00 00 00 
              00 00 00 
              00 00 00 
              00 00 00 
              00 00 00 
              00 00 00 
              00 00 00 
              00 00 00 
              00 00 00 
              00 00 00 
              00 00 00 



ARM Macro Assembler    Page 16 


              00 00 00 
              00 00 00 
              00 00 00 
              00 00 00 
              00 00 00 
              00 00 00 
              00 00 00 
              00 00 00 
              00 00 00 
              00 00 00 
              00 00 00 
              00 00 00 
              00 00 00 
              00 00 00 
              00 00 00 
              00 00 00 
              00 00 00 
              00 00 00 
              00 00 00 
              00 00 00 
              00 00 00 
              00 00 00 
              00 00 00 
              00 00 00 
              00 00 00 
              00 00 00 
              00 00 00 
              00 00 00 
              00 00 00 
              00 00 00 
              00 00 00 
              00 00 00 
              00 00 00 
              00 00 00 
              00 00 00 
              00 00 00 
              00 00 00 
              00 00 00 
              00 00 00 
              00 00 00 
              00 00 00 
              00 00 00 
              00 00 00 
              00 00 00 
              00 00 00 
              00 00 00 
              00 00 00 
              00 00 00 
              00 00 00 
              00 00 00 
              00 00 00 
              00 00 00 
              00 00 00 
              00 00 00 
              00 00 00 
              00 00 00 
              00 00 00 
              00 00 00 
              00 00 00 



ARM Macro Assembler    Page 17 


              00 00 00 
              00 00 00 
              00 00 00 
              00 00 00 
              00 00 00 
              00 00 00 
              00 00 00 
              00 00 00 
              00 00 00 
              00 00 00 
              00 00 00 
              00 00 00 
              00 00 00 
              00 00 00 
              00 00 00 
              00 00 00 
              00 00 00 
              00 00 00 
              00 00 00 
              00 00 00 
              00 00 00 
              00 00 00 
              00 00 00 
              00 00 00 
              00 00 00 
              00 00 00 
              00 00 00 
              00 00 00 
              00 00 00 
              00 00 00 
              00 00 00 
              00 00 00 
              00 00 00 
              00 00 00 
              00 00 00 
              00 00 00 
              00 00 00 
              00 00 00 
              00 00 00 
              00 00 00 
              00 00 00 
              00 00 00 
              00 00 00 
              00 00 00 
              00 00 00 
              00 00 00 
              00 00 00 
              00 00 00 
              00 00 00 
              00 00 00 
              00 00 00 
              00 00 00 
              00 00 00 
              00 00 00 
              00 00 00 
              00 00 00 
              00 00 00 
              00 00 00 
              00 00 00 



ARM Macro Assembler    Page 18 


              00 00 00 
              00 00 00 
              00 00 00 
              00 00 00 
              00 00 00 
              00 00 00 
              00 00 00 
              00 00 00 
              00 00 00 
              00 00 00 
              00 00 00 
              00 00 00 
              00 00 00 
              00 00 00 
              00 00 00 
              00 00 00 
              00 00 00 
              00 00 00 
              00 00 00 
              00 00 00 
              00 00 00 
              00 00 00 
              00 00 00 
              00 00 00 
              00 00 00 
              00 00 00 
              00 00 00 
              00 00 00 
              00 00 00 
              00 00 00 
              00 00 00 
              00 00 00 
              00 00 00 
              00 00 00 
              00 00 00 
              00 00 00 
              00 00 00 
              00 00 00 
              00 00 00 
              00 00 00 
              00 00 00 
              00 00 00 
              00 00 00 
              00 00 00 
              00 00 00 
              00 00 00 
              00 00 00 
              00 00 00 
              00 00 00 
              00 00 00 
              00 00 00 
              00 00 00 
              00 00 00 
              00 00 00 
              00 00 00 
              00 00 00 
              00 00 00 
              00 00 00 
              00 00 00 



ARM Macro Assembler    Page 19 


              00 00 00 
              00 00 00 
              00 00 00 
              00 00 00 
              00 00 00 
              00 00 00 
              00 00 00 
              00 00 00 
              00 00 00 
              00 00 00 
              00 00 00 
              00 00 00 
              00 00 00 
              00 00 00 
              00 00 00 
              00 00 00 
              00 00 00 
              00 00 00 
              00 00 00 
              00 00 00 
              00 00 00 
              00 00 00 
              00 00 00 
              00 00 00 
              00 00 00 
              00 00 00 
              00 00 00 
              00 00 00 
              00 00 00 
              00 00 00 
              00 00 00 
              00 00 00 
              00 00 00 
              00 00 00 
              00 00 00 
              00 00 00 
              00 00 00 
              00 00 00 
              00 00 00 
              00 00 00 
              00 00 00 
              00 00 00 
              00 00 00 
              00 00 00 
              00 00 00 
              00 00 00 
              00 00 00 
              00 00 00 
              00 00 00 
              00 00 00 
              00 00 00 
              00 00 00 
              00 00 00 
              00 00 00 
              00 00 00 
              00 00 00 
              00 00 00 
              00 00 00 
              00 00 00 



ARM Macro Assembler    Page 20 


              00 00 00 
              00 00 00 
              00 00 00 
              00 00 00 
              00 00 00 
              00 00 00 
              00 00 00 
              00 00 00 
              00 00 00 
              00 00 00 
              00 00 00 
              00 00 00 
              00 00 00 
              00 00 00 
              00 00 00 
              00 00 00 
              00 00 00 
              00 00 00 
              00 00 00 
              00 00 00 
              00 00 00 
              00 00 00 
              00 00 00 
              00 00 00 
              00 00 00 
              00 00 00 
              00 00 00 
              00 00 00 
              00 00 00 
              00 00 00 
              00 00 00 
              00 00 00 
              00 00 00 
              00 00 00 
              00 00 00 
              00 00 00 
              00 00 00 
              00 00 00 
              00 00 00 
              00 00 00 
              00 00 00 
              00 00 00 
              00 00 00 
              00 00 00 
              00 00 00 
              00 00 00 
              00 00 00 
              00 00 00 
              00 00 00 
              00 00 00 
              00 00 00 
              00 00 00 
              00 00 00 
              00 00 00 
              00 00 00 
              00 00 00 
              00 00 00 
              00 00 00 
              00 00 00 



ARM Macro Assembler    Page 21 


              00 00 00 
              00 00 00 
              00 00 00 
              00 00 00 
              00 00 00 
              00 00 00 
              00 00 00 
              00 00 00 
              00 00 00 
              00 00 00 
              00 00 00 
              00 00 00 
              00 00 00 
              00 00 00 
              00 00 00 
              00 00 00 
              00 00 00 
              00 00 00 
              00 00 00 
              00 00 00 
              00 00 00 
              00 00 00 
              00 00 00 
              00 00 00 
              00 00 00 
              00 00 00 
              00 00 00 
              00 00 00 
              00 00 00 
              00 00 00 
              00 00 00 
              00 00 00 
              00 00 00 
              00 00 00 
              00 00 00 
              00 00 00 
              00 00 00 
              00 00 00 
              00 00 00 
              00 00 00 
              00 00 00 
              00 00 00 
              00 00 00 
              00 00 00 
              00 00 00 
              00 00 00 
              00 00 00 
              00 00 00 
              00 00 00 
              00 00 00 
              00 00 00 
              00 00 00 
              00 00 00 
              00 00 00 
              00 00 00 
              00 00 00 
              00 00 00 
              00 00 00 
              00 00 00 



ARM Macro Assembler    Page 22 


              00 00 00 
              00 00 00 
              00 00 00 
              00 00 00 
              00 00 00 
              00 00 00 
              00 00 00 
              00 00 00 
              00 00 00 
              00 00 00 
              00 00 00 
              00 00 00 
              00 00 00 
              00 00 00 
              00 00 00 
              00 00 00 
              00 00 00 
              00 00 00 
              00 00 00 
              00 00 00 
              00 00 00 
              00 00 00 
              00 00 00 
              00 00 00 
              00 00 00 
              00 00 00 
              00 00 00 
              00 00 00 
              00 00 00 
              00 00 00 
              00 00 00 
              00 00 00 
              00 00 00 
              00 00 00 
              00 00 00 
              00 00 00 
              00 00 00 
              00 00 00 
              00 00 00 
              00 00 00 
              00 00 00 
              00 00 00 
              00 00 00 
              00 00 00 
              00 00 00 
              00 00 00 
              00 00 00 
              00 00 00 
              00 00 00 
              00 00 00 
              00 00 00 
              00 00 00 
              00 00 00 
              00 00 00 
              00 00 00 
              00 00 00 
              00 00 00 
              00 00 00 
              00 00 00 



ARM Macro Assembler    Page 23 


              00 00 00 
              00 00 00 
              00 00 00 
              00 00 00 
              00 00 00 
              00 00 00 
              00 00 00 
              00 00 00 
              00 00 00 
              00 00 00 
              00 00 00 
              00 00 00 
              00 00 00 
              00 00 00 
              00 00 00 
              00 00 00 
              00 00 00 
              00 00 00 
              00 00 00 
              00 00 00 
              00 00 00 
              00 00 00 
              00 00 00 
              00 00 00 
              00 00 00 
              00 00 00 
              00 00 00 
              00 00 00 
              00 00 00 
              00 00 00 
              00 00 00 
              00 00 00 
              00 00 00 
              00 00 00 
              00 00 00 
              00 00 00 
              00 00 00 
              00 00 00 
              00 00 00 
              00 00 00 
              00 00 00 
              00 00 00 
              00 00 00 
              00 00 00 
              00 00 00 
              00 00 00 
              00 00 00 
              00 00 00 
              00 00 00 
              00 00 00 
              00 00 00 
              00 00 00 
              00 00 00 
              00 00 00 
              00 00 00 
              00 00 00 
              00 00 00 
              00 00 00 
              00 00 00 



ARM Macro Assembler    Page 24 


              00 00 00 
              00 00 00 
              00 00 00 
              00 00 00 
              00 00 00 
              00 00 00 
              00 00 00 
              00 00 00 
              00 00 00 
              00 00 00 
              00 00 00 
              00 00 00 
              00 00 00 
              00 00 00 
              00 00 00 
              00 00 00 
              00 00 00 
              00 00 00 
              00 00 00 
              00 00 00 
              00 00 00 
              00 00 00 
              00 00 00 
              00 00 00 
              00 00 00 
              00 00 00 
              00 00 00 
              00 00 00 
              00 00 00 
              00 00 00 
              00 00 00 
              00 00 00 
              00 00 00 
              00 00 00 
              00 00 00 
              00 00 00 
              00 00 00 
              00 00 00 
              00 00 00 
              00 00 00 
              00 00 00 
              00 00 00 
              00 00 00 
              00 00 00 
              00 00 00 
              00 00 00 
              00 00 00 
              00 00 00 
              00 00 00 
              00 00 00 
              00 00 00 
              00 00 00 
              00 00 00 
              00 00 00 
              00 00 00 
              00 00 00 
              00 00 00 
              00 00 00 
              00 00 00 



ARM Macro Assembler    Page 25 


              00 00 00 
              00 00 00 
              00 00 00 
              00 00 00 
              00 00 00 
              00 00 00 
              00 00 00 
              00 00 00 
              00 00 00 
              00 00 00 
              00 00 00 
              00 00 00 
              00 00 00 
              00 00 00 
              00 00 00 
              00 00 00 
              00 00 00 
              00 00 00 
              00 00 00 
              00 00 00 
              00 00 00 
              00 00 00 
              00 00 00 
              00 00 00 
              00 00 00 
              00 00 00 
              00 00 00 
              00 00 00 
              00 00 00 
              00 00 00 
              00 00 00 
              00 00 00 
              00 00 00 
              00 00 00 
              00 00 00 
              00 00 00 
              00 00 00 
              00 00 00 
              00 00 00 
              00 00 00 
              00 00 00 
              00 00 00 
              00 00 00 
              00 00 00 
              00 00 00 
              00 00 00 
              00 00 00 
              00 00 00 
              00 00 00 
              00 00 00 
              00 00 00 
              00 00 00 
              00 00 00 
              00 00 00 
              00 00 00 
              00 00 00 
              00 00 00 
              00 00 00 
              00 00 00 



ARM Macro Assembler    Page 26 


              00 00 00 
              00 00 00 
              00 00 00 
              00 00 00 
              00 00 00 
              00 00 00 
              00 00 00 
              00 00 00 
              00 00 00 
              00 00 00 
              00 00 00 
              00 00 00 
              00 00 00 
              00 00 00 
              00 00 00 
              00 00 00 
              00 00 00 
              00 00 00 
              00 00 00 
              00 00 00 
              00 00 00 
              00 00 00 
              00 00 00 
              00 00 00 
              00 00 00 
              00 00 00 
              00 00 00 
              00 00 00 
              00 00 00 
              00 00 00 
              00 00 00 
              00 00 00 
              00 00 00 
              00 00 00 
              00 00 00 
              00 00 00 
              00 00 00 
              00 00 00 
              00 00 00 
              00 00 00 
              00 00 00 
              00 00 00 
              00 00 00 
              00 00 00 
              00 00 00 
              00 00 00 
              00 00 00 
              00 00 00 
              00 00 00 
              00 00 00 
              00 00 00 
              00 00 00 
              00 00 00 
              00 00 00 
              00 00 00 
              00 00 00 
              00 00 00 
              00 00 00 
              00 00 00 



ARM Macro Assembler    Page 27 


              00 00 00 
              00 00 00 
              00 00 00 
              00 00 00 
              00 00 00 
              00 00 00 
              00 00 00 
              00 00 00 
              00 00 00 
              00 00 00 
              00 00 00 
              00 00 00 
              00 00 00 
              00 00 00 
              00 00 00 
              00 00 00 
              00 00 00 
              00 00 00 
              00 00 00 
              00 00 00 
              00 00 00 
              00 00 00 
              00 00 00 
              00 00 00 
              00 00 00 
              00 00 00 
              00 00 00 
              00 00 00 
              00 00 00 
              00 00 00 
              00 00 00 
              00 00 00 
              00 00 00 
              00 00 00 
              00 00 00 
              00 00 00 
              00 00 00 
              00 00 00 
              00 00 00 
              00 00 00 
              00 00 00 
              00 00 00 
              00 00 00 
              00 00 00 
              00 00 00 
              00 00 00 
              00 00 00 
              00 00 00 
              00 00 00 
              00 00 00 
              00 00 00 
              00 00 00 
              00 00 00 
              00 00 00 
              00 00 00 
              00 00 00 
              00 00 00 
              00 00 00 
              00 00 00 



ARM Macro Assembler    Page 28 


              00 00 00 
              00 00 00 
              00 00 00 
              00 00 00 
              00 00 00 
              00 00 00 
              00 00 00 
              00 00 00 
              00 00 00 
              00 00 00 
              00 00 00 
              00 00 00 
              00 00 00 
              00 00 00 
              00 00 00 
              00 00 00 
              00 00 00 
              00 00 00 
              00 00 00 
              00 00 00 
              00 00 00 
              00 00 00 
              00 00 00 
              00 00 00 
              00 00 00 
              00 00 00 
              00 00 00 
              00 00 00 
              00 00 00 
              00 00 00 
              00 00 00 
              00 00 00 
              00 00 00 
              00 00 00 
              00 00 00 
              00 00 00 
              00 00 00 
              00 00 00 
              00 00 00 
              00 00 00 
              00 00 00 
              00 00 00 
              00 00 00 
              00 00 00 
              00 00 00 
              00 00 00 
              00 00 00 
              00 00 00 
              00 00 00 
              00 00 00 
              00 00 00 
              00 00 00 
              00 00 00 
              00 00 00 
              00 00 00 
              00 00 00 
              00 00 00 
              00 00 00 
              00 00 00 



ARM Macro Assembler    Page 29 


              00 00 00 
              00 00 00 
              00 00 00 
              00 00 00 
              00 00 00 
              00 00 00 
              00 00 00 
              00 00 00 
              00 00 00 
              00 00 00 
              00 00 00 
              00 00 00 
              00 00 00 
              00 00 00 
              00 00 00 
              00 00 00 
              00 00 00 
              00 00 00 
              00 00 00 
              00 00 00 
              00 00 00 
              00 00 00 
              00 00 00 
              00 00 00 
              00 00 00 
              00 00 00 
              00 00 00 
              00 00 00 
              00 00 00 
              00 00 00 
              00 00 00 
              00 00 00 
              00 00 00 
              00 00 00 
              00 00 00 
              00 00 00 
              00 00 00 
              00 00 00 
              00 00 00 
              00 00 00 
              00 00 00 
              00 00 00 
              00 00 00 
              00 00 00 
              00 00 00 
              00 00 00 
              00 00 00 
              00 00 00 
              00 00 00 
              00 00 00 
              00 00 00 
              00 00 00 
              00 00 00 
              00 00 00 
              00 00 00 
              00 00 00 
              00 00 00 
              00 00 00 
              00 00 00 



ARM Macro Assembler    Page 30 


              00 00 00 
              00 00 00 
              00 00 00 
              00 00 00 
              00 00 00 
              00 00 00 
              00 00 00 
              00 00 00 
              00 00 00 
              00 00 00 
              00 00 00 
              00 00 00 
              00 00 00 
              00 00 00 
              00 00 00 
              00 00 00 
              00 00 00 
              00 00 00 
              00 00 00 
              00 00 00 
              00 00 00 
              00 00 00 
              00 00 00 
              00 00 00 
              00 00 00 
              00 00 00 
              00 00 00 
              00 00 00 
              00 00 00 
              00 00 00 
              00 00 00 
              00 00 00 
              00 00 00 
              00               SPACE            4096
  268 00001104         
  269 00001104 00000134 
              00000003 
              00000113 
              000002B9 
              000000DC 
              00000097 
              00000827 cards   DCD              0x134, 3, 275, 0x2B9, 0xDC, 151
, 2087
  270 00001120 00000827 
              00000002 
              00000113 
              00000000 
              00000134 
              00000001 
              000000DC 
              00000002 
              00000097 
              00000002 
              00000003 
              00000000 
              000002B9 
              00000002 condition
                               DCD              2087, 2, 275, 0x0, 308, 0x1, 0x
DC, 2, 151, 2, 0x3, 0, 697, 2



ARM Macro Assembler    Page 31 


  271 00001158 00000003 
              000007D0 
              00000113 
              00000002 
              00000097 
              00000009 
              00000134 
              0000002D 
              00000827 
              00000011 
              000000DC 
              00000005 
              000002B9 
              0000015E purchase_price
                               DCD              0x3, 2000, 0x113, 2, 151, 9, 0x
134, 45, 2087, 17, 220, 5, 697, 350
  272 00001190 000000DC 
              00000003 
              00000097 
              00000010 
              00000003 
              00000CE4 
              000002B9 
              000001A4 
              00000134 
              0000003F 
              00000113 
              00000001 
              00000827 
              00000003 current_price
                               DCD              0xDC, 3, 151, 16, 3, 3300, 697,
 420, 308, 63, 275, 1, 0x827, 3
  273 000011C8 00000007 
                       tot_cards
                               DCD              7
  274 000011CC         
  275 000011CC 00 00 00 
              00 00 00 
              00 00 00 
              00 00 00 
              00 00 00 
              00 00 00 
              00 00 00 
              00 00 00 
              00 00 00 
              00 00 00 
              00 00 00 
              00 00 00 
              00 00 00 
              00 00 00 
              00 00 00 
              00 00 00 
              00 00 00 
              00 00 00 
              00 00 00 
              00 00 00 
              00 00 00 
              00 00 00 
              00 00 00 



ARM Macro Assembler    Page 32 


              00 00 00 
              00 00 00 
              00 00 00 
              00 00 00 
              00 00 00 
              00 00 00 
              00 00 00 
              00 00 00 
              00 00 00 
              00 00 00 
              00 00 00 
              00 00 00 
              00 00 00 
              00 00 00 
              00 00 00 
              00 00 00 
              00 00 00 
              00 00 00 
              00 00 00 
              00 00 00 
              00 00 00 
              00 00 00 
              00 00 00 
              00 00 00 
              00 00 00 
              00 00 00 
              00 00 00 
              00 00 00 
              00 00 00 
              00 00 00 
              00 00 00 
              00 00 00 
              00 00 00 
              00 00 00 
              00 00 00 
              00 00 00 
              00 00 00 
              00 00 00 
              00 00 00 
              00 00 00 
              00 00 00 
              00 00 00 
              00 00 00 
              00 00 00 
              00 00 00 
              00 00 00 
              00 00 00 
              00 00 00 
              00 00 00 
              00 00 00 
              00 00 00 
              00 00 00 
              00 00 00 
              00 00 00 
              00 00 00 
              00 00 00 
              00 00 00 
              00 00 00 
              00 00 00 



ARM Macro Assembler    Page 33 


              00 00 00 
              00 00 00 
              00 00 00 
              00 00 00 
              00 00 00 
              00 00 00 
              00 00 00 
              00 00 00 
              00 00 00 
              00 00 00 
              00 00 00 
              00 00 00 
              00 00 00 
              00 00 00 
              00 00 00 
              00 00 00 
              00 00 00 
              00 00 00 
              00 00 00 
              00 00 00 
              00 00 00 
              00 00 00 
              00 00 00 
              00 00 00 
              00 00 00 
              00 00 00 
              00 00 00 
              00 00 00 
              00 00 00 
              00 00 00 
              00 00 00 
              00 00 00 
              00 00 00 
              00 00 00 
              00 00 00 
              00 00 00 
              00 00 00 
              00 00 00 
              00 00 00 
              00 00 00 
              00 00 00 
              00 00 00 
              00 00 00 
              00 00 00 
              00 00 00 
              00 00 00 
              00 00 00 
              00 00 00 
              00 00 00 
              00 00 00 
              00 00 00 
              00 00 00 
              00 00 00 
              00 00 00 
              00 00 00 
              00 00 00 
              00 00 00 
              00 00 00 
              00 00 00 



ARM Macro Assembler    Page 34 


              00 00 00 
              00 00 00 
              00 00 00 
              00 00 00 
              00 00 00 
              00 00 00 
              00 00 00 
              00 00 00 
              00 00 00 
              00 00 00 
              00 00 00 
              00 00 00 
              00 00 00 
              00 00 00 
              00 00 00 
              00 00 00 
              00 00 00 
              00 00 00 
              00 00 00 
              00 00 00 
              00 00 00 
              00 00 00 
              00 00 00 
              00 00 00 
              00 00 00 
              00 00 00 
              00 00 00 
              00 00 00 
              00 00 00 
              00 00 00 
              00 00 00 
              00 00 00 
              00 00 00 
              00 00 00 
              00 00 00 
              00 00 00 
              00 00 00 
              00 00 00 
              00 00 00 
              00 00 00 
              00 00 00 
              00 00 00 
              00 00 00 
              00 00 00 
              00 00 00 
              00 00 00 
              00 00 00 
              00 00 00 
              00 00 00 
              00 00 00 
              00 00 00 
              00 00 00 
              00 00 00 
              00 00 00 
              00 00 00 
              00 00 00 
              00 00 00 
              00 00 00 
              00 00 00 



ARM Macro Assembler    Page 35 


              00 00 00 
              00 00 00 
              00 00 00 
              00 00 00 
              00 00 00 
              00 00 00 
              00 00 00 
              00 00 00 
              00 00 00 
              00 00 00 
              00 00 00 
              00 00 00 
              00 00 00 
              00 00 00 
              00 00 00 
              00 00 00 
              00 00 00 
              00 00 00 
              00 00 00 
              00 00 00 
              00 00 00 
              00 00 00 
              00 00 00 
              00 00 00 
              00 00 00 
              00 00 00 
              00 00 00 
              00 00 00 
              00 00 00 
              00 00 00 
              00 00 00 
              00 00 00 
              00 00 00 
              00 00 00 
              00 00 00 
              00 00 00 
              00 00 00 
              00 00 00 
              00 00 00 
              00 00 00 
              00 00 00 
              00 00 00 
              00 00 00 
              00 00 00 
              00 00 00 
              00 00 00 
              00 00 00 
              00 00 00 
              00 00 00 
              00 00 00 
              00 00 00 
              00 00 00 
              00 00 00 
              00 00 00 
              00 00 00 
              00 00 00 
              00 00 00 
              00 00 00 
              00 00 00 



ARM Macro Assembler    Page 36 


              00 00 00 
              00 00 00 
              00 00 00 
              00 00 00 
              00 00 00 
              00 00 00 
              00 00 00 
              00 00 00 
              00 00 00 
              00 00 00 
              00 00 00 
              00 00 00 
              00 00 00 
              00 00 00 
              00 00 00 
              00 00 00 
              00 00 00 
              00 00 00 
              00 00 00 
              00 00 00 
              00 00 00 
              00 00 00 
              00 00 00 
              00 00 00 
              00 00 00 
              00 00 00 
              00 00 00 
              00 00 00 
              00 00 00 
              00 00 00 
              00 00 00 
              00 00 00 
              00 00 00 
              00 00 00 
              00 00 00 
              00 00 00 
              00 00 00 
              00 00 00 
              00 00 00 
              00 00 00 
              00 00 00 
              00 00 00 
              00 00 00 
              00 00 00 
              00 00 00 
              00 00 00 
              00 00 00 
              00 00 00 
              00 00 00 
              00 00 00 
              00 00 00 
              00 00 00 
              00 00 00 
              00 00 00 
              00 00 00 
              00 00 00 
              00 00 00 
              00 00 00 
              00 00 00 



ARM Macro Assembler    Page 37 


              00 00 00 
              00 00 00 
              00 00 00 
              00 00 00 
              00 00 00 
              00 00 00 
              00 00 00 
              00 00 00 
              00 00 00 
              00 00 00 
              00 00 00 
              00 00 00 
              00 00 00 
              00 00 00 
              00 00 00 
              00 00 00 
              00 00 00 
              00 00 00 
              00 00 00 
              00 00 00 
              00 00 00 
              00 00 00 
              00 00 00 
              00 00 00 
              00 00 00 
              00 00 00 
              00 00 00 
              00 00 00 
              00 00 00 
              00 00 00 
              00 00 00 
              00 00 00 
              00 00 00 
              00 00 00 
              00 00 00 
              00 00 00 
              00 00 00 
              00 00 00 
              00 00 00 
              00 00 00 
              00 00 00 
              00 00 00 
              00 00 00 
              00 00 00 
              00 00 00 
              00 00 00 
              00 00 00 
              00 00 00 
              00 00 00 
              00 00 00 
              00 00 00 
              00 00 00 
              00 00 00 
              00 00 00 
              00 00 00 
              00 00 00 
              00 00 00 
              00 00 00 
              00 00 00 



ARM Macro Assembler    Page 38 


              00 00 00 
              00 00 00 
              00 00 00 
              00 00 00 
              00 00 00 
              00 00 00 
              00 00 00 
              00 00 00 
              00 00 00 
              00 00 00 
              00 00 00 
              00 00 00 
              00 00 00 
              00 00 00 
              00 00 00 
              00 00 00 
              00 00 00 
              00 00 00 
              00 00 00 
              00 00 00 
              00 00 00 
              00 00 00 
              00 00 00 
              00 00 00 
              00 00 00 
              00 00 00 
              00 00 00 
              00 00 00 
              00 00 00 
              00 00 00 
              00 00 00 
              00 00 00 
              00 00 00 
              00 00 00 
              00 00 00 
              00 00 00 
              00 00 00 
              00 00 00 
              00 00 00 
              00 00 00 
              00 00 00 
              00 00 00 
              00 00 00 
              00 00 00 
              00 00 00 
              00 00 00 
              00 00 00 
              00 00 00 
              00 00 00 
              00 00 00 
              00 00 00 
              00 00 00 
              00 00 00 
              00 00 00 
              00 00 00 
              00 00 00 
              00 00 00 
              00 00 00 
              00 00 00 



ARM Macro Assembler    Page 39 


              00 00 00 
              00 00 00 
              00 00 00 
              00 00 00 
              00 00 00 
              00 00 00 
              00 00 00 
              00 00 00 
              00 00 00 
              00 00 00 
              00 00 00 
              00 00 00 
              00 00 00 
              00 00 00 
              00 00 00 
              00 00 00 
              00 00 00 
              00 00 00 
              00 00 00 
              00 00 00 
              00 00 00 
              00 00 00 
              00 00 00 
              00 00 00 
              00 00 00 
              00 00 00 
              00 00 00 
              00 00 00 
              00 00 00 
              00 00 00 
              00 00 00 
              00 00 00 
              00 00 00 
              00 00 00 
              00 00 00 
              00 00 00 
              00 00 00 
              00 00 00 
              00 00 00 
              00 00 00 
              00 00 00 
              00 00 00 
              00 00 00 
              00 00 00 
              00 00 00 
              00 00 00 
              00 00 00 
              00 00 00 
              00 00 00 
              00 00 00 
              00 00 00 
              00 00 00 
              00 00 00 
              00 00 00 
              00 00 00 
              00 00 00 
              00 00 00 
              00 00 00 
              00 00 00 



ARM Macro Assembler    Page 40 


              00 00 00 
              00 00 00 
              00 00 00 
              00 00 00 
              00 00 00 
              00 00 00 
              00 00 00 
              00 00 00 
              00 00 00 
              00 00 00 
              00 00 00 
              00 00 00 
              00 00 00 
              00 00 00 
              00 00 00 
              00 00 00 
              00 00 00 
              00 00 00 
              00 00 00 
              00 00 00 
              00 00 00 
              00 00 00 
              00 00 00 
              00 00 00 
              00 00 00 
              00 00 00 
              00 00 00 
              00 00 00 
              00 00 00 
              00 00 00 
              00 00 00 
              00 00 00 
              00 00 00 
              00 00 00 
              00 00 00 
              00 00 00 
              00 00 00 
              00 00 00 
              00 00 00 
              00 00 00 
              00 00 00 
              00 00 00 
              00 00 00 
              00 00 00 
              00 00 00 
              00 00 00 
              00 00 00 
              00 00 00 
              00 00 00 
              00 00 00 
              00 00 00 
              00 00 00 
              00 00 00 
              00 00 00 
              00 00 00 
              00 00 00 
              00 00 00 
              00 00 00 
              00 00 00 



ARM Macro Assembler    Page 41 


              00 00 00 
              00 00 00 
              00 00 00 
              00 00 00 
              00 00 00 
              00 00 00 
              00 00 00 
              00 00 00 
              00 00 00 
              00 00 00 
              00 00 00 
              00 00 00 
              00 00 00 
              00 00 00 
              00 00 00 
              00 00 00 
              00 00 00 
              00 00 00 
              00 00 00 
              00 00 00 
              00 00 00 
              00 00 00 
              00 00 00 
              00 00 00 
              00 00 00 
              00 00 00 
              00 00 00 
              00 00 00 
              00 00 00 
              00 00 00 
              00 00 00 
              00 00 00 
              00 00 00 
              00 00 00 
              00 00 00 
              00 00 00 
              00 00 00 
              00 00 00 
              00 00 00 
              00 00 00 
              00 00 00 
              00 00 00 
              00 00 00 
              00 00 00 
              00 00 00 
              00 00 00 
              00 00 00 
              00 00 00 
              00 00 00 
              00 00 00 
              00 00 00 
              00 00 00 
              00 00 00 
              00 00 00 
              00 00 00 
              00 00 00 
              00 00 00 
              00 00 00 
              00 00 00 



ARM Macro Assembler    Page 42 


              00 00 00 
              00 00 00 
              00 00 00 
              00 00 00 
              00 00 00 
              00 00 00 
              00 00 00 
              00 00 00 
              00 00 00 
              00 00 00 
              00 00 00 
              00 00 00 
              00 00 00 
              00 00 00 
              00 00 00 
              00 00 00 
              00 00 00 
              00 00 00 
              00 00 00 
              00 00 00 
              00 00 00 
              00 00 00 
              00 00 00 
              00 00 00 
              00 00 00 
              00 00 00 
              00 00 00 
              00 00 00 
              00 00 00 
              00 00 00 
              00 00 00 
              00 00 00 
              00 00 00 
              00 00 00 
              00 00 00 
              00 00 00 
              00 00 00 
              00 00 00 
              00 00 00 
              00 00 00 
              00 00 00 
              00 00 00 
              00 00 00 
              00 00 00 
              00 00 00 
              00 00 00 
              00 00 00 
              00 00 00 
              00 00 00 
              00 00 00 
              00 00 00 
              00 00 00 
              00 00 00 
              00 00 00 
              00 00 00 
              00 00 00 
              00 00 00 
              00 00 00 
              00 00 00 



ARM Macro Assembler    Page 43 


              00 00 00 
              00 00 00 
              00 00 00 
              00 00 00 
              00 00 00 
              00 00 00 
              00 00 00 
              00 00 00 
              00 00 00 
              00 00 00 
              00 00 00 
              00 00 00 
              00 00 00 
              00 00 00 
              00 00 00 
              00 00 00 
              00 00 00 
              00 00 00 
              00 00 00 
              00 00 00 
              00 00 00 
              00 00 00 
              00 00 00 
              00 00 00 
              00 00 00 
              00 00 00 
              00 00 00 
              00 00 00 
              00 00 00 
              00 00 00 
              00 00 00 
              00 00 00 
              00 00 00 
              00 00 00 
              00 00 00 
              00 00 00 
              00 00 00 
              00 00 00 
              00 00 00 
              00 00 00 
              00 00 00 
              00 00 00 
              00 00 00 
              00 00 00 
              00 00 00 
              00 00 00 
              00 00 00 
              00 00 00 
              00 00 00 
              00 00 00 
              00 00 00 
              00 00 00 
              00 00 00 
              00 00 00 
              00 00 00 
              00 00 00 
              00 00 00 
              00 00 00 
              00 00 00 



ARM Macro Assembler    Page 44 


              00 00 00 
              00 00 00 
              00 00 00 
              00 00 00 
              00 00 00 
              00 00 00 
              00 00 00 
              00 00 00 
              00 00 00 
              00 00 00 
              00 00 00 
              00 00 00 
              00 00 00 
              00 00 00 
              00 00 00 
              00 00 00 
              00 00 00 
              00 00 00 
              00 00 00 
              00 00 00 
              00 00 00 
              00 00 00 
              00 00 00 
              00 00 00 
              00 00 00 
              00 00 00 
              00 00 00 
              00 00 00 
              00 00 00 
              00 00 00 
              00 00 00 
              00 00 00 
              00 00 00 
              00 00 00 
              00 00 00 
              00 00 00 
              00 00 00 
              00 00 00 
              00 00 00 
              00 00 00 
              00 00 00 
              00 00 00 
              00 00 00 
              00 00 00 
              00 00 00 
              00 00 00 
              00 00 00 
              00 00 00 
              00 00 00 
              00 00 00 
              00 00 00 
              00 00 00 
              00 00 00 
              00 00 00 
              00 00 00 
              00 00 00 
              00 00 00 
              00 00 00 
              00 00 00 



ARM Macro Assembler    Page 45 


              00 00 00 
              00 00 00 
              00 00 00 
              00 00 00 
              00 00 00 
              00 00 00 
              00 00 00 
              00 00 00 
              00 00 00 
              00 00 00 
              00 00 00 
              00 00 00 
              00 00 00 
              00 00 00 
              00 00 00 
              00 00 00 
              00 00 00 
              00 00 00 
              00 00 00 
              00 00 00 
              00 00 00 
              00 00 00 
              00 00 00 
              00 00 00 
              00 00 00 
              00 00 00 
              00 00 00 
              00 00 00 
              00 00 00 
              00 00 00 
              00 00 00 
              00 00 00 
              00 00 00 
              00 00 00 
              00 00 00 
              00 00 00 
              00 00 00 
              00 00 00 
              00 00 00 
              00 00 00 
              00 00 00 
              00 00 00 
              00 00 00 
              00 00 00 
              00 00 00 
              00 00 00 
              00 00 00 
              00 00 00 
              00 00 00 
              00 00 00 
              00 00 00 
              00 00 00 
              00 00 00 
              00 00 00 
              00 00 00 
              00 00 00 
              00 00 00 
              00 00 00 
              00 00 00 



ARM Macro Assembler    Page 46 


              00 00 00 
              00 00 00 
              00 00 00 
              00 00 00 
              00 00 00 
              00 00 00 
              00 00 00 
              00 00 00 
              00 00 00 
              00 00 00 
              00 00 00 
              00 00 00 
              00 00 00 
              00 00 00 
              00 00 00 
              00 00 00 
              00 00 00 
              00 00 00 
              00 00 00 
              00 00 00 
              00 00 00 
              00 00 00 
              00 00 00 
              00 00 00 
              00 00 00 
              00 00 00 
              00 00 00 
              00 00 00 
              00 00 00 
              00 00 00 
              00 00 00 
              00 00 00 
              00 00 00 
              00 00 00 
              00 00 00 
              00 00 00 
              00 00 00 
              00 00 00 
              00 00 00 
              00 00 00 
              00 00 00 
              00 00 00 
              00 00 00 
              00 00 00 
              00 00 00 
              00 00 00 
              00 00 00 
              00 00 00 
              00 00 00 
              00 00 00 
              00 00 00 
              00 00 00 
              00 00 00 
              00 00 00 
              00 00 00 
              00 00 00 
              00 00 00 
              00 00 00 
              00 00 00 



ARM Macro Assembler    Page 47 


              00 00 00 
              00 00 00 
              00 00 00 
              00 00 00 
              00 00 00 
              00 00 00 
              00 00 00 
              00 00 00 
              00 00 00 
              00 00 00 
              00 00 00 
              00 00 00 
              00 00 00 
              00 00 00 
              00 00 00 
              00 00 00 
              00 00 00 
              00 00 00 
              00 00 00 
              00 00 00 
              00 00 00 
              00 00 00 
              00 00 00 
              00 00 00 
              00 00 00 
              00 00 00 
              00 00 00 
              00 00 00 
              00 00 00 
              00 00 00 
              00 00 00 
              00 00 00 
              00 00 00 
              00 00 00 
              00 00 00 
              00 00 00 
              00 00 00 
              00 00 00 
              00 00 00 
              00 00 00 
              00 00 00 
              00 00 00 
              00 00 00 
              00 00 00 
              00 00 00 
              00 00 00 
              00 00 00 
              00 00 00 
              00 00 00 
              00 00 00 
              00 00 00 
              00 00 00 
              00 00 00 
              00 00 00 
              00 00 00 
              00 00 00 
              00 00 00 
              00 00 00 
              00 00 00 



ARM Macro Assembler    Page 48 


              00 00 00 
              00 00 00 
              00 00 00 
              00 00 00 
              00 00 00 
              00 00 00 
              00 00 00 
              00 00 00 
              00 00 00 
              00 00 00 
              00 00 00 
              00 00 00 
              00 00 00 
              00 00 00 
              00 00 00 
              00 00 00 
              00 00 00 
              00 00 00 
              00 00 00 
              00 00 00 
              00 00 00 
              00 00 00 
              00 00 00 
              00 00 00 
              00 00 00 
              00 00 00 
              00 00 00 
              00 00 00 
              00 00 00 
              00 00 00 
              00 00 00 
              00 00 00 
              00 00 00 
              00 00 00 
              00 00 00 
              00 00 00 
              00 00 00 
              00 00 00 
              00 00 00 
              00 00 00 
              00 00 00 
              00 00 00 
              00 00 00 
              00 00 00 
              00 00 00 
              00 00 00 
              00 00 00 
              00 00 00 
              00 00 00 
              00 00 00 
              00 00 00 
              00 00 00 
              00 00 00 
              00 00 00 
              00 00 00 
              00 00 00 
              00 00 00 
              00 00 00 
              00 00 00 



ARM Macro Assembler    Page 49 


              00 00 00 
              00 00 00 
              00 00 00 
              00 00 00 
              00 00 00 
              00 00 00 
              00 00 00 
              00 00 00 
              00 00 00 
              00 00 00 
              00 00 00 
              00 00 00 
              00 00 00 
              00 00 00 
              00 00 00 
              00 00 00 
              00 00 00 
              00 00 00 
              00 00 00 
              00 00 00 
              00 00 00 
              00 00 00 
              00 00 00 
              00 00 00 
              00 00 00 
              00 00 00 
              00 00 00 
              00 00 00 
              00 00 00 
              00 00 00 
              00 00 00 
              00 00 00 
              00 00 00 
              00 00 00 
              00 00 00 
              00 00 00 
              00 00 00 
              00 00 00 
              00 00 00 
              00 00 00 
              00 00 00 
              00 00 00 
              00 00 00 
              00 00 00 
              00 00 00 
              00 00 00 
              00 00 00 
              00 00 00 
              00 00 00 
              00 00 00 
              00 00 00 
              00 00 00 
              00 00 00 
              00 00 00 
              00 00 00 
              00 00 00 
              00 00 00 
              00 00 00 
              00 00 00 



ARM Macro Assembler    Page 50 


              00 00 00 
              00 00 00 
              00 00 00 
              00 00 00 
              00 00 00 
              00 00 00 
              00 00 00 
              00 00 00 
              00 00 00 
              00 00 00 
              00 00 00 
              00 00 00 
              00 00 00 
              00 00 00 
              00 00 00 
              00 00 00 
              00 00 00 
              00 00 00 
              00 00 00 
              00 00 00 
              00 00 00 
              00 00 00 
              00 00 00 
              00 00 00 
              00 00 00 
              00 00 00 
              00 00 00 
              00 00 00 
              00 00 00 
              00 00 00 
              00 00 00 
              00 00 00 
              00 00 00 
              00 00 00 
              00 00 00 
              00 00 00 
              00 00 00 
              00 00 00 
              00 00 00 
              00 00 00 
              00 00 00 
              00 00 00 
              00 00 00 
              00 00 00 
              00 00 00 
              00 00 00 
              00 00 00 
              00 00 00 
              00 00 00 
              00 00 00 
              00 00 00 
              00 00 00 
              00 00 00 
              00 00 00 
              00 00 00 
              00 00 00 
              00 00 00 
              00 00 00 
              00 00 00 



ARM Macro Assembler    Page 51 


              00 00 00 
              00 00 00 
              00 00 00 
              00 00 00 
              00 00 00 
              00 00 00 
              00 00 00 
              00 00 00 
              00 00 00 
              00 00 00 
              00 00 00 
              00 00 00 
              00 00 00 
              00 00 00 
              00 00 00 
              00 00 00 
              00 00 00 
              00 00 00 
              00 00 00 
              00 00 00 
              00 00 00 
              00 00 00 
              00 00 00 
              00 00 00 
              00 00 00 
              00 00 00 
              00 00 00 
              00 00 00 
              00 00 00 
              00 00 00 
              00 00 00 
              00 00 00 
              00 00 00 
              00 00 00 
              00 00 00 
              00 00 00 
              00 00 00 
              00 00 00 
              00 00 00 
              00 00 00 
              00 00 00 
              00 00 00 
              00 00 00 
              00 00 00 
              00 00 00 
              00 00 00 
              00 00 00 
              00 00 00 
              00 00 00 
              00 00 00 
              00 00 00 
              00 00 00 
              00 00 00 
              00 00 00 
              00 00 00 
              00 00 00 
              00 00 00 
              00 00 00 
              00 00 00 



ARM Macro Assembler    Page 52 


              00 00 00 
              00 00 00 
              00 00 00 
              00 00 00 
              00 00 00 
              00 00 00 
              00 00 00 
              00 00 00 
              00 00 00 
              00 00 00 
              00 00 00 
              00 00 00 
              00 00 00 
              00 00 00 
              00 00 00 
              00 00 00 
              00 00 00 
              00 00 00 
              00 00 00 
              00 00 00 
              00 00 00 
              00 00 00 
              00 00 00 
              00 00 00 
              00 00 00 
              00 00 00 
              00 00 00 
              00 00 00 
              00 00 00 
              00 00 00 
              00 00 00 
              00 00 00 
              00 00 00 
              00 00 00 
              00 00 00 
              00 00 00 
              00 00 00 
              00 00 00 
              00 00 00 
              00 00 00 
              00 00 00 
              00 00 00 
              00 00 00 
              00 00 00 
              00 00 00 
              00 00 00 
              00 00 00 
              00 00 00 
              00 00 00 
              00 00 00 
              00 00 00 
              00 00 00 
              00 00 00 
              00 00 00 
              00 00 00 
              00 00 00 
              00 00 00 
              00 00 00 
              00 00 00 



ARM Macro Assembler    Page 53 


              00 00 00 
              00 00 00 
              00 00 00 
              00 00 00 
              00 00 00 
              00 00 00 
              00 00 00 
              00 00 00 
              00 00 00 
              00 00 00 
              00 00 00 
              00 00 00 
              00 00 00 
              00 00 00 
              00 00 00 
              00 00 00 
              00 00 00 
              00 00 00 
              00 00 00 
              00 00 00 
              00 00 00 
              00 00 00 
              00 00 00 
              00 00 00 
              00 00 00 
              00 00 00 
              00 00 00 
              00 00 00 
              00 00 00 
              00 00 00 
              00 00 00 
              00 00 00 
              00 00 00 
              00 00 00 
              00 00 00 
              00 00 00 
              00 00 00 
              00 00 00 
              00 00 00 
              00 00 00 
              00 00 00 
              00 00 00 
              00 00 00 
              00 00 00 
              00 00 00 
              00 00 00 
              00 00 00 
              00 00 00 
              00 00 00 
              00 00 00 
              00 00 00 
              00 00 00 
              00 00 00 
              00 00 00 
              00 00 00 
              00 00 00 
              00 00 00 
              00 00 00 
              00 00 00 



ARM Macro Assembler    Page 54 


              00 00 00 
              00 00 00 
              00 00 00 
              00 00 00 
              00 00 00 
              00 00 00 
              00 00 00 
              00 00 00 
              00 00 00 
              00 00 00 
              00 00 00 
              00 00 00 
              00 00 00 
              00 00 00 
              00 00 00 
              00 00 00 
              00 00 00 
              00 00 00 
              00 00 00 
              00 00 00 
              00 00 00 
              00 00 00 
              00 00 00 
              00 00 00 
              00 00 00 
              00 00 00 
              00 00 00 
              00 00 00 
              00 00 00 
              00 00 00 
              00 00 00 
              00 00 00 
              00 00 00 
              00 00 00 
              00 00 00 
              00 00 00 
              00 00 00 
              00 00 00 
              00 00 00 
              00 00 00 
              00 00 00 
              00 00 00 
              00 00 00 
              00 00 00 
              00               SPACE            4096
  276 000021CC         
  277 000021CC         
  278 000021CC         
  279 000021CC         ; Dummy Exception Handlers (infinite loops which can be 
                       modified)
  280 000021CC         
  281 000021CC         NMI_Handler
                               PROC
  282 000021CC                 EXPORT           NMI_Handler               [WEAK
]
  283 000021CC         
  284 000021CC E7FE            B                .
  285 000021CE         
  286 000021CE                 ENDP



ARM Macro Assembler    Page 55 


  288 000021CE         HardFault_Handler
                               PROC
  289 000021CE                 EXPORT           HardFault_Handler         [WEAK
]
  290 000021CE         ; your code
  291 000021CE F040 0001       orr              r0,r0,#1
  292 000021D2 4611            mov              r1, r2
  293 000021D4 4700            BX               r0
  294 000021D6                 ENDP
  296 000021D6         MemManage_Handler
                               PROC
  297 000021D6                 EXPORT           MemManage_Handler         [WEAK
]
  298 000021D6 E7FE            B                .
  299 000021D8                 ENDP
  301 000021D8         BusFault_Handler
                               PROC
  302 000021D8                 EXPORT           BusFault_Handler          [WEAK
]
  303 000021D8 E7FE            B                .
  304 000021DA                 ENDP
  306 000021DA         UsageFault_Handler
                               PROC
  307 000021DA                 EXPORT           UsageFault_Handler        [WEAK
]
  308 000021DA E7FE            B                .
  309 000021DC                 ENDP
  310 000021DC         SVC_Handler
                               PROC
  311 000021DC                 EXPORT           SVC_Handler               [WEAK
]
  312 000021DC E7FE            B                .
  313 000021DE                 ENDP
  315 000021DE         DebugMon_Handler
                               PROC
  316 000021DE                 EXPORT           DebugMon_Handler          [WEAK
]
  317 000021DE E7FE            B                .
  318 000021E0                 ENDP
  319 000021E0         PendSV_Handler
                               PROC
  320 000021E0                 EXPORT           PendSV_Handler            [WEAK
]
  321 000021E0 E7FE            B                .
  322 000021E2                 ENDP
  323 000021E2         SysTick_Handler
                               PROC
  324 000021E2                 EXPORT           SysTick_Handler           [WEAK
]
  325 000021E2 E7FE            B                .
  326 000021E4                 ENDP
  327 000021E4         
  328 000021E4         Default_Handler
                               PROC
  329 000021E4         
  330 000021E4                 EXPORT           WDT_IRQHandler            [WEAK
]
  331 000021E4                 EXPORT           TIMER0_IRQHandler         [WEAK
]



ARM Macro Assembler    Page 56 


  332 000021E4                 EXPORT           TIMER1_IRQHandler         [WEAK
]
  333 000021E4                 EXPORT           TIMER2_IRQHandler         [WEAK
]
  334 000021E4                 EXPORT           TIMER3_IRQHandler         [WEAK
]
  335 000021E4                 EXPORT           UART0_IRQHandler          [WEAK
]
  336 000021E4                 EXPORT           UART1_IRQHandler          [WEAK
]
  337 000021E4                 EXPORT           UART2_IRQHandler          [WEAK
]
  338 000021E4                 EXPORT           UART3_IRQHandler          [WEAK
]
  339 000021E4                 EXPORT           PWM1_IRQHandler           [WEAK
]
  340 000021E4                 EXPORT           I2C0_IRQHandler           [WEAK
]
  341 000021E4                 EXPORT           I2C1_IRQHandler           [WEAK
]
  342 000021E4                 EXPORT           I2C2_IRQHandler           [WEAK
]
  343 000021E4                 EXPORT           SPI_IRQHandler            [WEAK
]
  344 000021E4                 EXPORT           SSP0_IRQHandler           [WEAK
]
  345 000021E4                 EXPORT           SSP1_IRQHandler           [WEAK
]
  346 000021E4                 EXPORT           PLL0_IRQHandler           [WEAK
]
  347 000021E4                 EXPORT           RTC_IRQHandler            [WEAK
]
  348 000021E4                 EXPORT           EINT0_IRQHandler          [WEAK
]
  349 000021E4                 EXPORT           EINT1_IRQHandler          [WEAK
]
  350 000021E4                 EXPORT           EINT2_IRQHandler          [WEAK
]
  351 000021E4                 EXPORT           EINT3_IRQHandler          [WEAK
]
  352 000021E4                 EXPORT           ADC_IRQHandler            [WEAK
]
  353 000021E4                 EXPORT           BOD_IRQHandler            [WEAK
]
  354 000021E4                 EXPORT           USB_IRQHandler            [WEAK
]
  355 000021E4                 EXPORT           CAN_IRQHandler            [WEAK
]
  356 000021E4                 EXPORT           DMA_IRQHandler            [WEAK
]
  357 000021E4                 EXPORT           I2S_IRQHandler            [WEAK
]
  358 000021E4                 EXPORT           ENET_IRQHandler           [WEAK
]
  359 000021E4                 EXPORT           RIT_IRQHandler            [WEAK
]
  360 000021E4                 EXPORT           MCPWM_IRQHandler          [WEAK
]
  361 000021E4                 EXPORT           QEI_IRQHandler            [WEAK



ARM Macro Assembler    Page 57 


]
  362 000021E4                 EXPORT           PLL1_IRQHandler           [WEAK
]
  363 000021E4                 EXPORT           USBActivity_IRQHandler    [WEAK
]
  364 000021E4                 EXPORT           CANActivity_IRQHandler    [WEAK
]
  365 000021E4         
  366 000021E4         WDT_IRQHandler
  367 000021E4         TIMER0_IRQHandler
  368 000021E4         TIMER1_IRQHandler
  369 000021E4         TIMER2_IRQHandler
  370 000021E4         TIMER3_IRQHandler
  371 000021E4         UART0_IRQHandler
  372 000021E4         UART1_IRQHandler
  373 000021E4         UART2_IRQHandler
  374 000021E4         UART3_IRQHandler
  375 000021E4         PWM1_IRQHandler
  376 000021E4         I2C0_IRQHandler
  377 000021E4         I2C1_IRQHandler
  378 000021E4         I2C2_IRQHandler
  379 000021E4         SPI_IRQHandler
  380 000021E4         SSP0_IRQHandler
  381 000021E4         SSP1_IRQHandler
  382 000021E4         PLL0_IRQHandler
  383 000021E4         RTC_IRQHandler
  384 000021E4         EINT0_IRQHandler
  385 000021E4         EINT1_IRQHandler
  386 000021E4         EINT2_IRQHandler
  387 000021E4         EINT3_IRQHandler
  388 000021E4         ADC_IRQHandler
  389 000021E4         BOD_IRQHandler
  390 000021E4         USB_IRQHandler
  391 000021E4         CAN_IRQHandler
  392 000021E4         DMA_IRQHandler
  393 000021E4         I2S_IRQHandler
  394 000021E4         ENET_IRQHandler
  395 000021E4         RIT_IRQHandler
  396 000021E4         MCPWM_IRQHandler
  397 000021E4         QEI_IRQHandler
  398 000021E4         PLL1_IRQHandler
  399 000021E4         USBActivity_IRQHandler
  400 000021E4         CANActivity_IRQHandler
  401 000021E4         
  402 000021E4 E7FE            B                .
  403 000021E6         
  404 000021E6                 ENDP
  405 000021E6         ; ALIGN 2
  406 000021E6         ; SPACE 4096
  407 000021E6         
  408 000021E6         ;DCDS here
  409 000021E6         
  410 000021E6         ; SPACE 4096
  411 000021E6         
  412 000021E6 00 00           ALIGN
  413 000021E8         
  414 000021E8         
  415 000021E8         ; User Initial Stack & Heap
  416 000021E8         



ARM Macro Assembler    Page 58 


  417 000021E8                 EXPORT           __initial_sp
  418 000021E8                 EXPORT           __heap_base
  419 000021E8                 EXPORT           __heap_limit
  420 000021E8         
  421 000021E8                 END
Command Line: --debug --xref --diag_suppress=9931,A1950W --cpu=Cortex-M3 --depe
nd=.\objects\exercise_2.d -o.\objects\exercise_2.o -I.\Source -IC:\Users\andry\
AppData\Local\Arm\Packs\Keil\LPC1700_DFP\2.7.2\Device\Include --predefine="__EV
AL SETA 1" --predefine="__UVISION_VERSION SETA 543" --predefine="LPC175x_6x SET
A 1" --list=.\listings\exercise_2.lst Source\exercise_2.s



ARM Macro Assembler    Page 1 Alphabetic symbol ordering
Relocatable symbols

STACK 00000000

Symbol: STACK
   Definitions
      At line 33 in file Source\exercise_2.s
   Uses
      None
Comment: STACK unused
Stack_Mem 00000000

Symbol: Stack_Mem
   Definitions
      At line 34 in file Source\exercise_2.s
   Uses
      None
Comment: Stack_Mem unused
__initial_sp 00000200

Symbol: __initial_sp
   Definitions
      At line 35 in file Source\exercise_2.s
   Uses
      At line 59 in file Source\exercise_2.s
      At line 417 in file Source\exercise_2.s

3 symbols



ARM Macro Assembler    Page 1 Alphabetic symbol ordering
Relocatable symbols

HEAP 00000000

Symbol: HEAP
   Definitions
      At line 44 in file Source\exercise_2.s
   Uses
      None
Comment: HEAP unused
Heap_Mem 00000000

Symbol: Heap_Mem
   Definitions
      At line 46 in file Source\exercise_2.s
   Uses
      None
Comment: Heap_Mem unused
__heap_base 00000000

Symbol: __heap_base
   Definitions
      At line 45 in file Source\exercise_2.s
   Uses
      At line 418 in file Source\exercise_2.s
Comment: __heap_base used once
__heap_limit 00000200

Symbol: __heap_limit
   Definitions
      At line 47 in file Source\exercise_2.s
   Uses
      At line 419 in file Source\exercise_2.s
Comment: __heap_limit used once
4 symbols



ARM Macro Assembler    Page 1 Alphabetic symbol ordering
Relocatable symbols

RESET 00000000

Symbol: RESET
   Definitions
      At line 56 in file Source\exercise_2.s
   Uses
      None
Comment: RESET unused
__Vectors 00000000

Symbol: __Vectors
   Definitions
      At line 59 in file Source\exercise_2.s
   Uses
      At line 57 in file Source\exercise_2.s
Comment: __Vectors used once
2 symbols



ARM Macro Assembler    Page 1 Alphabetic symbol ordering
Relocatable symbols

.ARM.__at_0x02FC 00000000

Symbol: .ARM.__at_0x02FC
   Definitions
      At line 115 in file Source\exercise_2.s
   Uses
      None
Comment: .ARM.__at_0x02FC unused
CRP_Key 00000000

Symbol: CRP_Key
   Definitions
      At line 116 in file Source\exercise_2.s
   Uses
      None
Comment: CRP_Key unused
2 symbols



ARM Macro Assembler    Page 1 Alphabetic symbol ordering
Relocatable symbols

GOOD 0000001C

Symbol: GOOD
   Definitions
      At line 122 in file Source\exercise_2.s
   Uses
      At line 208 in file Source\exercise_2.s
Comment: GOOD used once
MAX_LOSS_COND 00000090

Symbol: MAX_LOSS_COND
   Definitions
      At line 127 in file Source\exercise_2.s
   Uses
      At line 253 in file Source\exercise_2.s
Comment: MAX_LOSS_COND used once
MAX_LOSS_ID 0000008C

Symbol: MAX_LOSS_ID
   Definitions
      At line 126 in file Source\exercise_2.s
   Uses
      At line 251 in file Source\exercise_2.s
Comment: MAX_LOSS_ID used once
MINT 00000038

Symbol: MINT
   Definitions
      At line 123 in file Source\exercise_2.s
   Uses
      At line 209 in file Source\exercise_2.s
Comment: MINT used once
POOR 00000000

Symbol: POOR
   Definitions
      At line 121 in file Source\exercise_2.s
   Uses
      At line 207 in file Source\exercise_2.s
Comment: POOR used once
mapped_id_diff 00000054

Symbol: mapped_id_diff
   Definitions
      At line 125 in file Source\exercise_2.s
   Uses
      At line 159 in file Source\exercise_2.s
Comment: mapped_id_diff used once
my_arrays 00000000

Symbol: my_arrays
   Definitions
      At line 120 in file Source\exercise_2.s
   Uses
      None
Comment: my_arrays unused
7 symbols



ARM Macro Assembler    Page 1 Alphabetic symbol ordering
Relocatable symbols

.text 00000000

Symbol: .text
   Definitions
      At line 131 in file Source\exercise_2.s
   Uses
      None
Comment: .text unused
ADC_IRQHandler 000021E4

Symbol: ADC_IRQHandler
   Definitions
      At line 388 in file Source\exercise_2.s
   Uses
      At line 99 in file Source\exercise_2.s
      At line 352 in file Source\exercise_2.s

BOD_IRQHandler 000021E4

Symbol: BOD_IRQHandler
   Definitions
      At line 389 in file Source\exercise_2.s
   Uses
      At line 100 in file Source\exercise_2.s
      At line 353 in file Source\exercise_2.s

BusFault_Handler 000021D8

Symbol: BusFault_Handler
   Definitions
      At line 301 in file Source\exercise_2.s
   Uses
      At line 64 in file Source\exercise_2.s
      At line 302 in file Source\exercise_2.s

CANActivity_IRQHandler 000021E4

Symbol: CANActivity_IRQHandler
   Definitions
      At line 400 in file Source\exercise_2.s
   Uses
      At line 111 in file Source\exercise_2.s
      At line 364 in file Source\exercise_2.s

CAN_IRQHandler 000021E4

Symbol: CAN_IRQHandler
   Definitions
      At line 391 in file Source\exercise_2.s
   Uses
      At line 102 in file Source\exercise_2.s
      At line 355 in file Source\exercise_2.s

DMA_IRQHandler 000021E4

Symbol: DMA_IRQHandler
   Definitions
      At line 392 in file Source\exercise_2.s
   Uses



ARM Macro Assembler    Page 2 Alphabetic symbol ordering
Relocatable symbols

      At line 103 in file Source\exercise_2.s
      At line 356 in file Source\exercise_2.s

DebugMon_Handler 000021DE

Symbol: DebugMon_Handler
   Definitions
      At line 315 in file Source\exercise_2.s
   Uses
      At line 71 in file Source\exercise_2.s
      At line 316 in file Source\exercise_2.s

Default_Handler 000021E4

Symbol: Default_Handler
   Definitions
      At line 328 in file Source\exercise_2.s
   Uses
      None
Comment: Default_Handler unused
EINT0_IRQHandler 000021E4

Symbol: EINT0_IRQHandler
   Definitions
      At line 384 in file Source\exercise_2.s
   Uses
      At line 95 in file Source\exercise_2.s
      At line 348 in file Source\exercise_2.s

EINT1_IRQHandler 000021E4

Symbol: EINT1_IRQHandler
   Definitions
      At line 385 in file Source\exercise_2.s
   Uses
      At line 96 in file Source\exercise_2.s
      At line 349 in file Source\exercise_2.s

EINT2_IRQHandler 000021E4

Symbol: EINT2_IRQHandler
   Definitions
      At line 386 in file Source\exercise_2.s
   Uses
      At line 97 in file Source\exercise_2.s
      At line 350 in file Source\exercise_2.s

EINT3_IRQHandler 000021E4

Symbol: EINT3_IRQHandler
   Definitions
      At line 387 in file Source\exercise_2.s
   Uses
      At line 98 in file Source\exercise_2.s
      At line 351 in file Source\exercise_2.s

ENET_IRQHandler 000021E4

Symbol: ENET_IRQHandler



ARM Macro Assembler    Page 3 Alphabetic symbol ordering
Relocatable symbols

   Definitions
      At line 394 in file Source\exercise_2.s
   Uses
      At line 105 in file Source\exercise_2.s
      At line 358 in file Source\exercise_2.s

HardFault_Handler 000021CE

Symbol: HardFault_Handler
   Definitions
      At line 288 in file Source\exercise_2.s
   Uses
      At line 62 in file Source\exercise_2.s
      At line 289 in file Source\exercise_2.s

I2C0_IRQHandler 000021E4

Symbol: I2C0_IRQHandler
   Definitions
      At line 376 in file Source\exercise_2.s
   Uses
      At line 87 in file Source\exercise_2.s
      At line 340 in file Source\exercise_2.s

I2C1_IRQHandler 000021E4

Symbol: I2C1_IRQHandler
   Definitions
      At line 377 in file Source\exercise_2.s
   Uses
      At line 88 in file Source\exercise_2.s
      At line 341 in file Source\exercise_2.s

I2C2_IRQHandler 000021E4

Symbol: I2C2_IRQHandler
   Definitions
      At line 378 in file Source\exercise_2.s
   Uses
      At line 89 in file Source\exercise_2.s
      At line 342 in file Source\exercise_2.s

I2S_IRQHandler 000021E4

Symbol: I2S_IRQHandler
   Definitions
      At line 393 in file Source\exercise_2.s
   Uses
      At line 104 in file Source\exercise_2.s
      At line 357 in file Source\exercise_2.s

MCPWM_IRQHandler 000021E4

Symbol: MCPWM_IRQHandler
   Definitions
      At line 396 in file Source\exercise_2.s
   Uses
      At line 107 in file Source\exercise_2.s
      At line 360 in file Source\exercise_2.s



ARM Macro Assembler    Page 4 Alphabetic symbol ordering
Relocatable symbols


MemManage_Handler 000021D6

Symbol: MemManage_Handler
   Definitions
      At line 296 in file Source\exercise_2.s
   Uses
      At line 63 in file Source\exercise_2.s
      At line 297 in file Source\exercise_2.s

NMI_Handler 000021CC

Symbol: NMI_Handler
   Definitions
      At line 281 in file Source\exercise_2.s
   Uses
      At line 61 in file Source\exercise_2.s
      At line 282 in file Source\exercise_2.s

PLL0_IRQHandler 000021E4

Symbol: PLL0_IRQHandler
   Definitions
      At line 382 in file Source\exercise_2.s
   Uses
      At line 93 in file Source\exercise_2.s
      At line 346 in file Source\exercise_2.s

PLL1_IRQHandler 000021E4

Symbol: PLL1_IRQHandler
   Definitions
      At line 398 in file Source\exercise_2.s
   Uses
      At line 109 in file Source\exercise_2.s
      At line 362 in file Source\exercise_2.s

PWM1_IRQHandler 000021E4

Symbol: PWM1_IRQHandler
   Definitions
      At line 375 in file Source\exercise_2.s
   Uses
      At line 86 in file Source\exercise_2.s
      At line 339 in file Source\exercise_2.s

PendSV_Handler 000021E0

Symbol: PendSV_Handler
   Definitions
      At line 319 in file Source\exercise_2.s
   Uses
      At line 73 in file Source\exercise_2.s
      At line 320 in file Source\exercise_2.s

QEI_IRQHandler 000021E4

Symbol: QEI_IRQHandler
   Definitions



ARM Macro Assembler    Page 5 Alphabetic symbol ordering
Relocatable symbols

      At line 397 in file Source\exercise_2.s
   Uses
      At line 108 in file Source\exercise_2.s
      At line 361 in file Source\exercise_2.s

RIT_IRQHandler 000021E4

Symbol: RIT_IRQHandler
   Definitions
      At line 395 in file Source\exercise_2.s
   Uses
      At line 106 in file Source\exercise_2.s
      At line 359 in file Source\exercise_2.s

RTC_IRQHandler 000021E4

Symbol: RTC_IRQHandler
   Definitions
      At line 383 in file Source\exercise_2.s
   Uses
      At line 94 in file Source\exercise_2.s
      At line 347 in file Source\exercise_2.s

Reset_Handler 00000000

Symbol: Reset_Handler
   Definitions
      At line 134 in file Source\exercise_2.s
   Uses
      At line 60 in file Source\exercise_2.s
      At line 135 in file Source\exercise_2.s

SPI_IRQHandler 000021E4

Symbol: SPI_IRQHandler
   Definitions
      At line 379 in file Source\exercise_2.s
   Uses
      At line 90 in file Source\exercise_2.s
      At line 343 in file Source\exercise_2.s

SSP0_IRQHandler 000021E4

Symbol: SSP0_IRQHandler
   Definitions
      At line 380 in file Source\exercise_2.s
   Uses
      At line 91 in file Source\exercise_2.s
      At line 344 in file Source\exercise_2.s

SSP1_IRQHandler 000021E4

Symbol: SSP1_IRQHandler
   Definitions
      At line 381 in file Source\exercise_2.s
   Uses
      At line 92 in file Source\exercise_2.s
      At line 345 in file Source\exercise_2.s




ARM Macro Assembler    Page 6 Alphabetic symbol ordering
Relocatable symbols

SVC_Handler 000021DC

Symbol: SVC_Handler
   Definitions
      At line 310 in file Source\exercise_2.s
   Uses
      At line 70 in file Source\exercise_2.s
      At line 311 in file Source\exercise_2.s

SysTick_Handler 000021E2

Symbol: SysTick_Handler
   Definitions
      At line 323 in file Source\exercise_2.s
   Uses
      At line 74 in file Source\exercise_2.s
      At line 324 in file Source\exercise_2.s

TIMER0_IRQHandler 000021E4

Symbol: TIMER0_IRQHandler
   Definitions
      At line 367 in file Source\exercise_2.s
   Uses
      At line 78 in file Source\exercise_2.s
      At line 331 in file Source\exercise_2.s

TIMER1_IRQHandler 000021E4

Symbol: TIMER1_IRQHandler
   Definitions
      At line 368 in file Source\exercise_2.s
   Uses
      At line 79 in file Source\exercise_2.s
      At line 332 in file Source\exercise_2.s

TIMER2_IRQHandler 000021E4

Symbol: TIMER2_IRQHandler
   Definitions
      At line 369 in file Source\exercise_2.s
   Uses
      At line 80 in file Source\exercise_2.s
      At line 333 in file Source\exercise_2.s

TIMER3_IRQHandler 000021E4

Symbol: TIMER3_IRQHandler
   Definitions
      At line 370 in file Source\exercise_2.s
   Uses
      At line 81 in file Source\exercise_2.s
      At line 334 in file Source\exercise_2.s

UART0_IRQHandler 000021E4

Symbol: UART0_IRQHandler
   Definitions
      At line 371 in file Source\exercise_2.s



ARM Macro Assembler    Page 7 Alphabetic symbol ordering
Relocatable symbols

   Uses
      At line 82 in file Source\exercise_2.s
      At line 335 in file Source\exercise_2.s

UART1_IRQHandler 000021E4

Symbol: UART1_IRQHandler
   Definitions
      At line 372 in file Source\exercise_2.s
   Uses
      At line 83 in file Source\exercise_2.s
      At line 336 in file Source\exercise_2.s

UART2_IRQHandler 000021E4

Symbol: UART2_IRQHandler
   Definitions
      At line 373 in file Source\exercise_2.s
   Uses
      At line 84 in file Source\exercise_2.s
      At line 337 in file Source\exercise_2.s

UART3_IRQHandler 000021E4

Symbol: UART3_IRQHandler
   Definitions
      At line 374 in file Source\exercise_2.s
   Uses
      At line 85 in file Source\exercise_2.s
      At line 338 in file Source\exercise_2.s

USBActivity_IRQHandler 000021E4

Symbol: USBActivity_IRQHandler
   Definitions
      At line 399 in file Source\exercise_2.s
   Uses
      At line 110 in file Source\exercise_2.s
      At line 363 in file Source\exercise_2.s

USB_IRQHandler 000021E4

Symbol: USB_IRQHandler
   Definitions
      At line 390 in file Source\exercise_2.s
   Uses
      At line 101 in file Source\exercise_2.s
      At line 354 in file Source\exercise_2.s

UsageFault_Handler 000021DA

Symbol: UsageFault_Handler
   Definitions
      At line 306 in file Source\exercise_2.s
   Uses
      At line 65 in file Source\exercise_2.s
      At line 307 in file Source\exercise_2.s

WDT_IRQHandler 000021E4



ARM Macro Assembler    Page 8 Alphabetic symbol ordering
Relocatable symbols


Symbol: WDT_IRQHandler
   Definitions
      At line 366 in file Source\exercise_2.s
   Uses
      At line 77 in file Source\exercise_2.s
      At line 330 in file Source\exercise_2.s

cards 00001104

Symbol: cards
   Definitions
      At line 269 in file Source\exercise_2.s
   Uses
      None
Comment: cards unused
condition 00001120

Symbol: condition
   Definitions
      At line 270 in file Source\exercise_2.s
   Uses
      At line 206 in file Source\exercise_2.s
      At line 236 in file Source\exercise_2.s

current_find 00000026

Symbol: current_find
   Definitions
      At line 172 in file Source\exercise_2.s
   Uses
      At line 186 in file Source\exercise_2.s
Comment: current_find used once
current_find_next 0000003C

Symbol: current_find_next
   Definitions
      At line 184 in file Source\exercise_2.s
   Uses
      At line 179 in file Source\exercise_2.s
Comment: current_find_next used once
current_price 00001190

Symbol: current_price
   Definitions
      At line 272 in file Source\exercise_2.s
   Uses
      At line 169 in file Source\exercise_2.s
Comment: current_price used once
diff_calculated 00000046

Symbol: diff_calculated
   Definitions
      At line 191 in file Source\exercise_2.s
   Uses
      At line 182 in file Source\exercise_2.s
      At line 189 in file Source\exercise_2.s

diff_error 00000040



ARM Macro Assembler    Page 9 Alphabetic symbol ordering
Relocatable symbols


Symbol: diff_error
   Definitions
      At line 188 in file Source\exercise_2.s
   Uses
      At line 173 in file Source\exercise_2.s
Comment: diff_error used once
end_store 00000096

Symbol: end_store
   Definitions
      At line 233 in file Source\exercise_2.s
   Uses
      At line 224 in file Source\exercise_2.s
      At line 228 in file Source\exercise_2.s

exercise_done 000000BC

Symbol: exercise_done
   Definitions
      At line 251 in file Source\exercise_2.s
   Uses
      At line 241 in file Source\exercise_2.s
      At line 246 in file Source\exercise_2.s

find_cond_loop 000000A4

Symbol: find_cond_loop
   Definitions
      At line 240 in file Source\exercise_2.s
   Uses
      At line 249 in file Source\exercise_2.s
Comment: find_cond_loop used once
loss_check_continue 00000056

Symbol: loss_check_continue
   Definitions
      At line 201 in file Source\exercise_2.s
   Uses
      At line 196 in file Source\exercise_2.s
Comment: loss_check_continue used once
map_loss_done 0000005C

Symbol: map_loss_done
   Definitions
      At line 204 in file Source\exercise_2.s
   Uses
      At line 165 in file Source\exercise_2.s
Comment: map_loss_done used once
map_loss_loop 00000012

Symbol: map_loss_loop
   Definitions
      At line 163 in file Source\exercise_2.s
   Uses
      At line 202 in file Source\exercise_2.s
Comment: map_loss_loop used once
purchase_price 00001158




ARM Macro Assembler    Page 10 Alphabetic symbol ordering
Relocatable symbols

Symbol: purchase_price
   Definitions
      At line 271 in file Source\exercise_2.s
   Uses
      At line 158 in file Source\exercise_2.s
Comment: purchase_price used once
smistamento_done 0000009C

Symbol: smistamento_done
   Definitions
      At line 236 in file Source\exercise_2.s
   Uses
      At line 212 in file Source\exercise_2.s
Comment: smistamento_done used once
smistamento_loop 0000006A

Symbol: smistamento_loop
   Definitions
      At line 211 in file Source\exercise_2.s
   Uses
      At line 234 in file Source\exercise_2.s
Comment: smistamento_loop used once
stop 000000CA

Symbol: stop
   Definitions
      At line 261 in file Source\exercise_2.s
   Uses
      At line 259 in file Source\exercise_2.s
Comment: stop used once
str_GOOD 00000080

Symbol: str_GOOD
   Definitions
      At line 222 in file Source\exercise_2.s
   Uses
      At line 218 in file Source\exercise_2.s
Comment: str_GOOD used once
str_MINT 00000088

Symbol: str_MINT
   Definitions
      At line 226 in file Source\exercise_2.s
   Uses
      At line 219 in file Source\exercise_2.s
Comment: str_MINT used once
str_POOR 00000090

Symbol: str_POOR
   Definitions
      At line 230 in file Source\exercise_2.s
   Uses
      At line 220 in file Source\exercise_2.s
Comment: str_POOR used once
tot_cards 000011C8

Symbol: tot_cards
   Definitions
      At line 273 in file Source\exercise_2.s



ARM Macro Assembler    Page 11 Alphabetic symbol ordering
Relocatable symbols

   Uses
      At line 156 in file Source\exercise_2.s
      At line 204 in file Source\exercise_2.s
      At line 237 in file Source\exercise_2.s

68 symbols



ARM Macro Assembler    Page 1 Alphabetic symbol ordering
Absolute symbols

Heap_Size 00000200

Symbol: Heap_Size
   Definitions
      At line 42 in file Source\exercise_2.s
   Uses
      At line 46 in file Source\exercise_2.s
Comment: Heap_Size used once
Stack_Size 00000200

Symbol: Stack_Size
   Definitions
      At line 31 in file Source\exercise_2.s
   Uses
      At line 34 in file Source\exercise_2.s
Comment: Stack_Size used once
2 symbols
426 symbols in table
